instance,algorithm,seed,n,budget,min_colours,n_over_min_colours,skip_threshold,run_has_plans_skipped_counter,rule_could_apply
DSJC125.5,KERB-R10,0,125,10,15,8.333333333,1000,False,False
DSJC125.5,KERB-R10,1,125,10,14,8.928571429,1000,False,False
DSJC125.5,KERB-R10,2,125,10,14,8.928571429,1000,False,False
DSJC125.5,KERB-R10,3,125,10,14,8.928571429,1000,False,False
DSJC125.5,KERB-R10,4,125,10,14,8.928571429,1000,False,False
DSJC125.5,KERB-R1,0,125,1,15,8.333333333,100,False,False
DSJC125.5,KERB-R1,1,125,1,14,8.928571429,100,False,False
DSJC125.5,KERB-R1,2,125,1,14,8.928571429,100,False,False
DSJC125.5,KERB-R1,3,125,1,14,8.928571429,100,False,False
DSJC125.5,KERB-R1,4,125,1,14,8.928571429,100,False,False
DSJC125.5,KERB-R25,0,125,25,15,8.333333333,2500,False,False
DSJC125.5,KERB-R25,1,125,25,14,8.928571429,2500,False,False
DSJC125.5,KERB-R25,2,125,25,14,8.928571429,2500,False,False
DSJC125.5,KERB-R25,3,125,25,14,8.928571429,2500,False,False
DSJC125.5,KERB-R25,4,125,25,14,8.928571429,2500,False,False
DSJC125.5,KERB-R2,0,125,2,15,8.333333333,200,False,False
DSJC125.5,KERB-R2,1,125,2,14,8.928571429,200,False,False
DSJC125.5,KERB-R2,2,125,2,14,8.928571429,200,False,False
DSJC125.5,KERB-R2,3,125,2,14,8.928571429,200,False,False
DSJC125.5,KERB-R2,4,125,2,14,8.928571429,200,False,False
DSJC125.5,KERB-R3,0,125,3,15,8.333333333,300,False,False
DSJC125.5,KERB-R3,1,125,3,14,8.928571429,300,False,False
DSJC125.5,KERB-R3,2,125,3,14,8.928571429,300,False,False
DSJC125.5,KERB-R3,3,125,3,14,8.928571429,300,False,False
DSJC125.5,KERB-R3,4,125,3,14,8.928571429,300,False,False
DSJC125.5,KERB-R5,0,125,5,15,8.333333333,500,False,False
DSJC125.5,KERB-R5,1,125,5,14,8.928571429,500,False,False
DSJC125.5,KERB-R5,2,125,5,14,8.928571429,500,False,False
DSJC125.5,KERB-R5,3,125,5,14,8.928571429,500,False,False
DSJC125.5,KERB-R5,4,125,5,14,8.928571429,500,False,False
DSJC125.5,KERB-direct,0,125,3,15,8.333333333,300,False,False
DSJC125.5,KERB-direct,1,125,3,14,8.928571429,300,False,False
DSJC125.5,KERB-direct,2,125,3,14,8.928571429,300,False,False
DSJC125.5,KERB-direct,3,125,3,14,8.928571429,300,False,False
DSJC125.5,KERB-direct,4,125,3,14,8.928571429,300,False,False
DSJC125.5,KERB-kempe,0,125,3,15,8.333333333,300,False,False
DSJC125.5,KERB-kempe,1,125,3,14,8.928571429,300,False,False
DSJC125.5,KERB-kempe,2,125,3,14,8.928571429,300,False,False
DSJC125.5,KERB-kempe,3,125,3,14,8.928571429,300,False,False
DSJC125.5,KERB-kempe,4,125,3,14,8.928571429,300,False,False
DSJC125.5,KERB-noElim,0,125,3,15,8.333333333,300,False,False
DSJC125.5,KERB-noElim,1,125,3,14,8.928571429,300,False,False
DSJC125.5,KERB-noElim,2,125,3,14,8.928571429,300,False,False
DSJC125.5,KERB-noElim,3,125,3,14,8.928571429,300,False,False
DSJC125.5,KERB-noElim,4,125,3,14,8.928571429,300,False,False
DSJC125.5,KERB-noMig,0,125,3,15,8.333333333,300,False,False
DSJC125.5,KERB-noMig,1,125,3,14,8.928571429,300,False,False
DSJC125.5,KERB-noMig,2,125,3,14,8.928571429,300,False,False
DSJC125.5,KERB-noMig,3,125,3,14,8.928571429,300,False,False
DSJC125.5,KERB-noMig,4,125,3,14,8.928571429,300,False,False
DSJC125.5,KERB-tabu,0,125,3,15,8.333333333,300,False,False
DSJC125.5,KERB-tabu,1,125,3,14,8.928571429,300,False,False
DSJC125.5,KERB-tabu,2,125,3,14,8.928571429,300,False,False
DSJC125.5,KERB-tabu,3,125,3,14,8.928571429,300,False,False
DSJC125.5,KERB-tabu,4,125,3,14,8.928571429,300,False,False
DSJC250.5,KERB-R10,0,250,10,24,10.41666667,1000,False,False
DSJC250.5,KERB-R10,1,250,10,24,10.41666667,1000,False,False
DSJC250.5,KERB-R10,2,250,10,24,10.41666667,1000,False,False
DSJC250.5,KERB-R10,3,250,10,24,10.41666667,1000,False,False
DSJC250.5,KERB-R10,4,250,10,24,10.41666667,1000,False,False
DSJC250.5,KERB-R1,0,250,1,24,10.41666667,100,False,False
DSJC250.5,KERB-R1,1,250,1,24,10.41666667,100,False,False
DSJC250.5,KERB-R1,2,250,1,24,10.41666667,100,False,False
DSJC250.5,KERB-R1,3,250,1,24,10.41666667,100,False,False
DSJC250.5,KERB-R1,4,250,1,24,10.41666667,100,False,False
DSJC250.5,KERB-R25,0,250,25,24,10.41666667,2500,False,False
DSJC250.5,KERB-R25,1,250,25,24,10.41666667,2500,False,False
DSJC250.5,KERB-R25,2,250,25,24,10.41666667,2500,False,False
DSJC250.5,KERB-R25,3,250,25,24,10.41666667,2500,False,False
DSJC250.5,KERB-R25,4,250,25,24,10.41666667,2500,False,False
DSJC250.5,KERB-R2,0,250,2,24,10.41666667,200,False,False
DSJC250.5,KERB-R2,1,250,2,24,10.41666667,200,False,False
DSJC250.5,KERB-R2,2,250,2,24,10.41666667,200,False,False
DSJC250.5,KERB-R2,3,250,2,24,10.41666667,200,False,False
DSJC250.5,KERB-R2,4,250,2,24,10.41666667,200,False,False
DSJC250.5,KERB-R3,0,250,3,24,10.41666667,300,False,False
DSJC250.5,KERB-R3,1,250,3,24,10.41666667,300,False,False
DSJC250.5,KERB-R3,2,250,3,24,10.41666667,300,False,False
DSJC250.5,KERB-R3,3,250,3,24,10.41666667,300,False,False
DSJC250.5,KERB-R3,4,250,3,24,10.41666667,300,False,False
DSJC250.5,KERB-R5,0,250,5,24,10.41666667,500,False,False
DSJC250.5,KERB-R5,1,250,5,24,10.41666667,500,False,False
DSJC250.5,KERB-R5,2,250,5,24,10.41666667,500,False,False
DSJC250.5,KERB-R5,3,250,5,24,10.41666667,500,False,False
DSJC250.5,KERB-R5,4,250,5,24,10.41666667,500,False,False
DSJC250.5,KERB-direct,0,250,3,24,10.41666667,300,False,False
DSJC250.5,KERB-direct,1,250,3,24,10.41666667,300,False,False
DSJC250.5,KERB-direct,2,250,3,24,10.41666667,300,False,False
DSJC250.5,KERB-direct,3,250,3,24,10.41666667,300,False,False
DSJC250.5,KERB-direct,4,250,3,24,10.41666667,300,False,False
DSJC250.5,KERB-kempe,0,250,3,24,10.41666667,300,False,False
DSJC250.5,KERB-kempe,1,250,3,24,10.41666667,300,False,False
DSJC250.5,KERB-kempe,2,250,3,24,10.41666667,300,False,False
DSJC250.5,KERB-kempe,3,250,3,24,10.41666667,300,False,False
DSJC250.5,KERB-kempe,4,250,3,24,10.41666667,300,False,False
DSJC250.5,KERB-noElim,0,250,3,24,10.41666667,300,False,False
DSJC250.5,KERB-noElim,1,250,3,24,10.41666667,300,False,False
DSJC250.5,KERB-noElim,2,250,3,24,10.41666667,300,False,False
DSJC250.5,KERB-noElim,3,250,3,24,10.41666667,300,False,False
DSJC250.5,KERB-noElim,4,250,3,24,10.41666667,300,False,False
DSJC250.5,KERB-noMig,0,250,3,24,10.41666667,300,False,False
DSJC250.5,KERB-noMig,1,250,3,24,10.41666667,300,False,False
DSJC250.5,KERB-noMig,2,250,3,24,10.41666667,300,False,False
DSJC250.5,KERB-noMig,3,250,3,24,10.41666667,300,False,False
DSJC250.5,KERB-noMig,4,250,3,24,10.41666667,300,False,False
DSJC250.5,KERB-tabu,0,250,3,24,10.41666667,300,False,False
DSJC250.5,KERB-tabu,1,250,3,24,10.41666667,300,False,False
DSJC250.5,KERB-tabu,2,250,3,24,10.41666667,300,False,False
DSJC250.5,KERB-tabu,3,250,3,24,10.41666667,300,False,False
DSJC250.5,KERB-tabu,4,250,3,24,10.41666667,300,False,False
DSJC500.1,KERB-R10,0,500,10,11,45.45454545,1000,False,False
DSJC500.1,KERB-R10,1,500,10,11,45.45454545,1000,False,False
DSJC500.1,KERB-R10,2,500,10,12,41.66666667,1000,False,False
DSJC500.1,KERB-R10,3,500,10,11,45.45454545,1000,False,False
DSJC500.1,KERB-R10,4,500,10,11,45.45454545,1000,False,False
DSJC500.1,KERB-R1,0,500,1,11,45.45454545,100,False,False
DSJC500.1,KERB-R1,1,500,1,11,45.45454545,100,False,False
DSJC500.1,KERB-R1,2,500,1,12,41.66666667,100,False,False
DSJC500.1,KERB-R1,3,500,1,11,45.45454545,100,False,False
DSJC500.1,KERB-R1,4,500,1,11,45.45454545,100,False,False
DSJC500.1,KERB-R25,0,500,25,11,45.45454545,2500,False,False
DSJC500.1,KERB-R25,1,500,25,11,45.45454545,2500,False,False
DSJC500.1,KERB-R25,2,500,25,12,41.66666667,2500,False,False
DSJC500.1,KERB-R25,3,500,25,11,45.45454545,2500,False,False
DSJC500.1,KERB-R25,4,500,25,11,45.45454545,2500,False,False
DSJC500.1,KERB-R2,0,500,2,11,45.45454545,200,False,False
DSJC500.1,KERB-R2,1,500,2,11,45.45454545,200,False,False
DSJC500.1,KERB-R2,2,500,2,12,41.66666667,200,False,False
DSJC500.1,KERB-R2,3,500,2,11,45.45454545,200,False,False
DSJC500.1,KERB-R2,4,500,2,11,45.45454545,200,False,False
DSJC500.1,KERB-R3,0,500,3,11,45.45454545,300,False,False
DSJC500.1,KERB-R3,1,500,3,11,45.45454545,300,False,False
DSJC500.1,KERB-R3,2,500,3,12,41.66666667,300,False,False
DSJC500.1,KERB-R3,3,500,3,11,45.45454545,300,False,False
DSJC500.1,KERB-R3,4,500,3,11,45.45454545,300,False,False
DSJC500.1,KERB-R5,0,500,5,11,45.45454545,500,False,False
DSJC500.1,KERB-R5,1,500,5,11,45.45454545,500,False,False
DSJC500.1,KERB-R5,2,500,5,12,41.66666667,500,False,False
DSJC500.1,KERB-R5,3,500,5,11,45.45454545,500,False,False
DSJC500.1,KERB-R5,4,500,5,11,45.45454545,500,False,False
DSJC500.1,KERB-direct,0,500,3,11,45.45454545,300,False,False
DSJC500.1,KERB-direct,1,500,3,11,45.45454545,300,False,False
DSJC500.1,KERB-direct,2,500,3,12,41.66666667,300,False,False
DSJC500.1,KERB-direct,3,500,3,11,45.45454545,300,False,False
DSJC500.1,KERB-direct,4,500,3,11,45.45454545,300,False,False
DSJC500.1,KERB-kempe,0,500,3,11,45.45454545,300,False,False
DSJC500.1,KERB-kempe,1,500,3,11,45.45454545,300,False,False
DSJC500.1,KERB-kempe,2,500,3,12,41.66666667,300,False,False
DSJC500.1,KERB-kempe,3,500,3,11,45.45454545,300,False,False
DSJC500.1,KERB-kempe,4,500,3,11,45.45454545,300,False,False
DSJC500.1,KERB-noElim,0,500,3,11,45.45454545,300,False,False
DSJC500.1,KERB-noElim,1,500,3,11,45.45454545,300,False,False
DSJC500.1,KERB-noElim,2,500,3,12,41.66666667,300,False,False
DSJC500.1,KERB-noElim,3,500,3,11,45.45454545,300,False,False
DSJC500.1,KERB-noElim,4,500,3,11,45.45454545,300,False,False
DSJC500.1,KERB-noMig,0,500,3,11,45.45454545,300,False,False
DSJC500.1,KERB-noMig,1,500,3,11,45.45454545,300,False,False
DSJC500.1,KERB-noMig,2,500,3,12,41.66666667,300,False,False
DSJC500.1,KERB-noMig,3,500,3,11,45.45454545,300,False,False
DSJC500.1,KERB-noMig,4,500,3,11,45.45454545,300,False,False
DSJC500.1,KERB-tabu,0,500,3,11,45.45454545,300,False,False
DSJC500.1,KERB-tabu,1,500,3,11,45.45454545,300,False,False
DSJC500.1,KERB-tabu,2,500,3,12,41.66666667,300,False,False
DSJC500.1,KERB-tabu,3,500,3,11,45.45454545,300,False,False
DSJC500.1,KERB-tabu,4,500,3,11,45.45454545,300,False,False
DSJR500.1,KERB-R10,0,500,10,8,62.5,1000,False,False
DSJR500.1,KERB-R10,1,500,10,8,62.5,1000,False,False
DSJR500.1,KERB-R10,2,500,10,8,62.5,1000,False,False
DSJR500.1,KERB-R10,3,500,10,8,62.5,1000,False,False
DSJR500.1,KERB-R10,4,500,10,8,62.5,1000,False,False
DSJR500.1,KERB-R1,0,500,1,8,62.5,100,False,False
DSJR500.1,KERB-R1,1,500,1,9,55.55555556,100,False,False
DSJR500.1,KERB-R1,2,500,1,8,62.5,100,False,False
DSJR500.1,KERB-R1,3,500,1,9,55.55555556,100,False,False
DSJR500.1,KERB-R1,4,500,1,8,62.5,100,False,False
DSJR500.1,KERB-R25,0,500,25,8,62.5,2500,False,False
DSJR500.1,KERB-R25,1,500,25,8,62.5,2500,False,False
DSJR500.1,KERB-R25,2,500,25,8,62.5,2500,False,False
DSJR500.1,KERB-R25,3,500,25,8,62.5,2500,False,False
DSJR500.1,KERB-R25,4,500,25,8,62.5,2500,False,False
DSJR500.1,KERB-R2,0,500,2,8,62.5,200,False,False
DSJR500.1,KERB-R2,1,500,2,8,62.5,200,False,False
DSJR500.1,KERB-R2,2,500,2,8,62.5,200,False,False
DSJR500.1,KERB-R2,3,500,2,8,62.5,200,False,False
DSJR500.1,KERB-R2,4,500,2,8,62.5,200,False,False
DSJR500.1,KERB-R3,0,500,3,8,62.5,300,False,False
DSJR500.1,KERB-R3,1,500,3,8,62.5,300,False,False
DSJR500.1,KERB-R3,2,500,3,8,62.5,300,False,False
DSJR500.1,KERB-R3,3,500,3,8,62.5,300,False,False
DSJR500.1,KERB-R3,4,500,3,8,62.5,300,False,False
DSJR500.1,KERB-R5,0,500,5,8,62.5,500,False,False
DSJR500.1,KERB-R5,1,500,5,8,62.5,500,False,False
DSJR500.1,KERB-R5,2,500,5,8,62.5,500,False,False
DSJR500.1,KERB-R5,3,500,5,8,62.5,500,False,False
DSJR500.1,KERB-R5,4,500,5,8,62.5,500,False,False
DSJR500.1,KERB-direct,0,500,3,8,62.5,300,False,False
DSJR500.1,KERB-direct,1,500,3,9,55.55555556,300,False,False
DSJR500.1,KERB-direct,2,500,3,8,62.5,300,False,False
DSJR500.1,KERB-direct,3,500,3,9,55.55555556,300,False,False
DSJR500.1,KERB-direct,4,500,3,8,62.5,300,False,False
DSJR500.1,KERB-kempe,0,500,3,8,62.5,300,False,False
DSJR500.1,KERB-kempe,1,500,3,9,55.55555556,300,False,False
DSJR500.1,KERB-kempe,2,500,3,8,62.5,300,False,False
DSJR500.1,KERB-kempe,3,500,3,9,55.55555556,300,False,False
DSJR500.1,KERB-kempe,4,500,3,8,62.5,300,False,False
DSJR500.1,KERB-noElim,0,500,3,8,62.5,300,False,False
DSJR500.1,KERB-noElim,1,500,3,8,62.5,300,False,False
DSJR500.1,KERB-noElim,2,500,3,8,62.5,300,False,False
DSJR500.1,KERB-noElim,3,500,3,8,62.5,300,False,False
DSJR500.1,KERB-noElim,4,500,3,8,62.5,300,False,False
DSJR500.1,KERB-noMig,0,500,3,8,62.5,300,False,False
DSJR500.1,KERB-noMig,1,500,3,9,55.55555556,300,False,False
DSJR500.1,KERB-noMig,2,500,3,8,62.5,300,False,False
DSJR500.1,KERB-noMig,3,500,3,9,55.55555556,300,False,False
DSJR500.1,KERB-noMig,4,500,3,8,62.5,300,False,False
DSJR500.1,KERB-tabu,0,500,3,8,62.5,300,False,False
DSJR500.1,KERB-tabu,1,500,3,8,62.5,300,False,False
DSJR500.1,KERB-tabu,2,500,3,8,62.5,300,False,False
DSJR500.1,KERB-tabu,3,500,3,8,62.5,300,False,False
DSJR500.1,KERB-tabu,4,500,3,8,62.5,300,False,False
flat300_28_0,KERB-R10,0,300,10,27,11.11111111,1000,False,False
flat300_28_0,KERB-R10,1,300,10,27,11.11111111,1000,False,False
flat300_28_0,KERB-R10,2,300,10,27,11.11111111,1000,False,False
flat300_28_0,KERB-R10,3,300,10,27,11.11111111,1000,False,False
flat300_28_0,KERB-R10,4,300,10,27,11.11111111,1000,False,False
flat300_28_0,KERB-R1,0,300,1,27,11.11111111,100,False,False
flat300_28_0,KERB-R1,1,300,1,27,11.11111111,100,False,False
flat300_28_0,KERB-R1,2,300,1,27,11.11111111,100,False,False
flat300_28_0,KERB-R1,3,300,1,27,11.11111111,100,False,False
flat300_28_0,KERB-R1,4,300,1,27,11.11111111,100,False,False
flat300_28_0,KERB-R25,0,300,25,27,11.11111111,2500,False,False
flat300_28_0,KERB-R25,1,300,25,27,11.11111111,2500,False,False
flat300_28_0,KERB-R25,2,300,25,27,11.11111111,2500,False,False
flat300_28_0,KERB-R25,3,300,25,27,11.11111111,2500,False,False
flat300_28_0,KERB-R25,4,300,25,27,11.11111111,2500,False,False
flat300_28_0,KERB-R2,0,300,2,27,11.11111111,200,False,False
flat300_28_0,KERB-R2,1,300,2,27,11.11111111,200,False,False
flat300_28_0,KERB-R2,2,300,2,27,11.11111111,200,False,False
flat300_28_0,KERB-R2,3,300,2,27,11.11111111,200,False,False
flat300_28_0,KERB-R2,4,300,2,27,11.11111111,200,False,False
flat300_28_0,KERB-R3,0,300,3,27,11.11111111,300,False,False
flat300_28_0,KERB-R3,1,300,3,27,11.11111111,300,False,False
flat300_28_0,KERB-R3,2,300,3,27,11.11111111,300,False,False
flat300_28_0,KERB-R3,3,300,3,27,11.11111111,300,False,False
flat300_28_0,KERB-R3,4,300,3,27,11.11111111,300,False,False
flat300_28_0,KERB-R5,0,300,5,27,11.11111111,500,False,False
flat300_28_0,KERB-R5,1,300,5,27,11.11111111,500,False,False
flat300_28_0,KERB-R5,2,300,5,27,11.11111111,500,False,False
flat300_28_0,KERB-R5,3,300,5,27,11.11111111,500,False,False
flat300_28_0,KERB-R5,4,300,5,27,11.11111111,500,False,False
flat300_28_0,KERB-direct,0,300,3,27,11.11111111,300,False,False
flat300_28_0,KERB-direct,1,300,3,27,11.11111111,300,False,False
flat300_28_0,KERB-direct,2,300,3,27,11.11111111,300,False,False
flat300_28_0,KERB-direct,3,300,3,27,11.11111111,300,False,False
flat300_28_0,KERB-direct,4,300,3,27,11.11111111,300,False,False
flat300_28_0,KERB-kempe,0,300,3,27,11.11111111,300,False,False
flat300_28_0,KERB-kempe,1,300,3,27,11.11111111,300,False,False
flat300_28_0,KERB-kempe,2,300,3,27,11.11111111,300,False,False
flat300_28_0,KERB-kempe,3,300,3,27,11.11111111,300,False,False
flat300_28_0,KERB-kempe,4,300,3,27,11.11111111,300,False,False
flat300_28_0,KERB-noElim,0,300,3,27,11.11111111,300,False,False
flat300_28_0,KERB-noElim,1,300,3,27,11.11111111,300,False,False
flat300_28_0,KERB-noElim,2,300,3,27,11.11111111,300,False,False
flat300_28_0,KERB-noElim,3,300,3,27,11.11111111,300,False,False
flat300_28_0,KERB-noElim,4,300,3,27,11.11111111,300,False,False
flat300_28_0,KERB-noMig,0,300,3,27,11.11111111,300,False,False
flat300_28_0,KERB-noMig,1,300,3,27,11.11111111,300,False,False
flat300_28_0,KERB-noMig,2,300,3,27,11.11111111,300,False,False
flat300_28_0,KERB-noMig,3,300,3,27,11.11111111,300,False,False
flat300_28_0,KERB-noMig,4,300,3,27,11.11111111,300,False,False
flat300_28_0,KERB-tabu,0,300,3,27,11.11111111,300,False,False
flat300_28_0,KERB-tabu,1,300,3,27,11.11111111,300,False,False
flat300_28_0,KERB-tabu,2,300,3,27,11.11111111,300,False,False
flat300_28_0,KERB-tabu,3,300,3,27,11.11111111,300,False,False
flat300_28_0,KERB-tabu,4,300,3,27,11.11111111,300,False,False
fpsol2.i.1,KERB-R10,0,496,10,24,20.66666667,1000,False,False
fpsol2.i.1,KERB-R10,1,496,10,24,20.66666667,1000,False,False
fpsol2.i.1,KERB-R10,2,496,10,26,19.07692308,1000,False,False
fpsol2.i.1,KERB-R10,3,496,10,25,19.84,1000,False,False
fpsol2.i.1,KERB-R10,4,496,10,24,20.66666667,1000,False,False
fpsol2.i.1,KERB-R1,0,496,1,24,20.66666667,100,False,False
fpsol2.i.1,KERB-R1,1,496,1,24,20.66666667,100,False,False
fpsol2.i.1,KERB-R1,2,496,1,26,19.07692308,100,False,False
fpsol2.i.1,KERB-R1,3,496,1,25,19.84,100,False,False
fpsol2.i.1,KERB-R1,4,496,1,24,20.66666667,100,False,False
fpsol2.i.1,KERB-R25,0,496,25,24,20.66666667,2500,False,False
fpsol2.i.1,KERB-R25,1,496,25,24,20.66666667,2500,False,False
fpsol2.i.1,KERB-R25,2,496,25,26,19.07692308,2500,False,False
fpsol2.i.1,KERB-R25,3,496,25,25,19.84,2500,False,False
fpsol2.i.1,KERB-R25,4,496,25,24,20.66666667,2500,False,False
fpsol2.i.1,KERB-R2,0,496,2,24,20.66666667,200,False,False
fpsol2.i.1,KERB-R2,1,496,2,24,20.66666667,200,False,False
fpsol2.i.1,KERB-R2,2,496,2,26,19.07692308,200,False,False
fpsol2.i.1,KERB-R2,3,496,2,25,19.84,200,False,False
fpsol2.i.1,KERB-R2,4,496,2,24,20.66666667,200,False,False
fpsol2.i.1,KERB-R3,0,496,3,24,20.66666667,300,False,False
fpsol2.i.1,KERB-R3,1,496,3,24,20.66666667,300,False,False
fpsol2.i.1,KERB-R3,2,496,3,26,19.07692308,300,False,False
fpsol2.i.1,KERB-R3,3,496,3,25,19.84,300,False,False
fpsol2.i.1,KERB-R3,4,496,3,24,20.66666667,300,False,False
fpsol2.i.1,KERB-R5,0,496,5,24,20.66666667,500,False,False
fpsol2.i.1,KERB-R5,1,496,5,24,20.66666667,500,False,False
fpsol2.i.1,KERB-R5,2,496,5,25,19.84,500,False,False
fpsol2.i.1,KERB-R5,3,496,5,25,19.84,500,False,False
fpsol2.i.1,KERB-R5,4,496,5,24,20.66666667,500,False,False
fpsol2.i.1,KERB-direct,0,496,3,24,20.66666667,300,False,False
fpsol2.i.1,KERB-direct,1,496,3,24,20.66666667,300,False,False
fpsol2.i.1,KERB-direct,2,496,3,26,19.07692308,300,False,False
fpsol2.i.1,KERB-direct,3,496,3,25,19.84,300,False,False
fpsol2.i.1,KERB-direct,4,496,3,24,20.66666667,300,False,False
fpsol2.i.1,KERB-kempe,0,496,3,24,20.66666667,300,False,False
fpsol2.i.1,KERB-kempe,1,496,3,24,20.66666667,300,False,False
fpsol2.i.1,KERB-kempe,2,496,3,26,19.07692308,300,False,False
fpsol2.i.1,KERB-kempe,3,496,3,25,19.84,300,False,False
fpsol2.i.1,KERB-kempe,4,496,3,24,20.66666667,300,False,False
fpsol2.i.1,KERB-noElim,0,496,3,24,20.66666667,300,False,False
fpsol2.i.1,KERB-noElim,1,496,3,24,20.66666667,300,False,False
fpsol2.i.1,KERB-noElim,2,496,3,26,19.07692308,300,False,False
fpsol2.i.1,KERB-noElim,3,496,3,25,19.84,300,False,False
fpsol2.i.1,KERB-noElim,4,496,3,24,20.66666667,300,False,False
fpsol2.i.1,KERB-noMig,0,496,3,24,20.66666667,300,False,False
fpsol2.i.1,KERB-noMig,1,496,3,24,20.66666667,300,False,False
fpsol2.i.1,KERB-noMig,2,496,3,26,19.07692308,300,False,False
fpsol2.i.1,KERB-noMig,3,496,3,25,19.84,300,False,False
fpsol2.i.1,KERB-noMig,4,496,3,24,20.66666667,300,False,False
fpsol2.i.1,KERB-tabu,0,496,3,24,20.66666667,300,False,False
fpsol2.i.1,KERB-tabu,1,496,3,24,20.66666667,300,False,False
fpsol2.i.1,KERB-tabu,2,496,3,26,19.07692308,300,False,False
fpsol2.i.1,KERB-tabu,3,496,3,25,19.84,300,False,False
fpsol2.i.1,KERB-tabu,4,496,3,24,20.66666667,300,False,False
homer,KERB-R10,0,561,10,7,80.14285714,1000,False,False
homer,KERB-R10,1,561,10,7,80.14285714,1000,False,False
homer,KERB-R10,2,561,10,8,70.125,1000,False,False
homer,KERB-R10,3,561,10,8,70.125,1000,False,False
homer,KERB-R10,4,561,10,7,80.14285714,1000,False,False
homer,KERB-R1,0,561,1,8,70.125,100,False,False
homer,KERB-R1,1,561,1,7,80.14285714,100,False,False
homer,KERB-R1,2,561,1,8,70.125,100,False,False
homer,KERB-R1,3,561,1,8,70.125,100,False,False
homer,KERB-R1,4,561,1,7,80.14285714,100,False,False
homer,KERB-R25,0,561,25,7,80.14285714,2500,False,False
homer,KERB-R25,1,561,25,7,80.14285714,2500,False,False
homer,KERB-R25,2,561,25,8,70.125,2500,False,False
homer,KERB-R25,3,561,25,8,70.125,2500,False,False
homer,KERB-R25,4,561,25,7,80.14285714,2500,False,False
homer,KERB-R2,0,561,2,8,70.125,200,False,False
homer,KERB-R2,1,561,2,7,80.14285714,200,False,False
homer,KERB-R2,2,561,2,8,70.125,200,False,False
homer,KERB-R2,3,561,2,8,70.125,200,False,False
homer,KERB-R2,4,561,2,7,80.14285714,200,False,False
homer,KERB-R3,0,561,3,8,70.125,300,False,False
homer,KERB-R3,1,561,3,7,80.14285714,300,False,False
homer,KERB-R3,2,561,3,8,70.125,300,False,False
homer,KERB-R3,3,561,3,8,70.125,300,False,False
homer,KERB-R3,4,561,3,7,80.14285714,300,False,False
homer,KERB-R5,0,561,5,7,80.14285714,500,False,False
homer,KERB-R5,1,561,5,7,80.14285714,500,False,False
homer,KERB-R5,2,561,5,8,70.125,500,False,False
homer,KERB-R5,3,561,5,8,70.125,500,False,False
homer,KERB-R5,4,561,5,8,70.125,500,False,False
homer,KERB-direct,0,561,3,8,70.125,300,False,False
homer,KERB-direct,1,561,3,7,80.14285714,300,False,False
homer,KERB-direct,2,561,3,8,70.125,300,False,False
homer,KERB-direct,3,561,3,8,70.125,300,False,False
homer,KERB-direct,4,561,3,7,80.14285714,300,False,False
homer,KERB-kempe,0,561,3,8,70.125,300,False,False
homer,KERB-kempe,1,561,3,7,80.14285714,300,False,False
homer,KERB-kempe,2,561,3,8,70.125,300,False,False
homer,KERB-kempe,3,561,3,8,70.125,300,False,False
homer,KERB-kempe,4,561,3,8,70.125,300,False,False
homer,KERB-noElim,0,561,3,8,70.125,300,False,False
homer,KERB-noElim,1,561,3,7,80.14285714,300,False,False
homer,KERB-noElim,2,561,3,8,70.125,300,False,False
homer,KERB-noElim,3,561,3,8,70.125,300,False,False
homer,KERB-noElim,4,561,3,7,80.14285714,300,False,False
homer,KERB-noMig,0,561,3,8,70.125,300,False,False
homer,KERB-noMig,1,561,3,7,80.14285714,300,False,False
homer,KERB-noMig,2,561,3,8,70.125,300,False,False
homer,KERB-noMig,3,561,3,8,70.125,300,False,False
homer,KERB-noMig,4,561,3,9,62.33333333,300,False,False
homer,KERB-tabu,0,561,3,8,70.125,300,False,False
homer,KERB-tabu,1,561,3,7,80.14285714,300,False,False
homer,KERB-tabu,2,561,3,8,70.125,300,False,False
homer,KERB-tabu,3,561,3,8,70.125,300,False,False
homer,KERB-tabu,4,561,3,7,80.14285714,300,False,False
inithx.i.1,KERB-R10,0,864,10,22,39.27272727,1000,False,False
inithx.i.1,KERB-R10,1,864,10,24,36,1000,False,False
inithx.i.1,KERB-R10,2,864,10,24,36,1000,False,False
inithx.i.1,KERB-R10,3,864,10,22,39.27272727,1000,False,False
inithx.i.1,KERB-R10,4,864,10,22,39.27272727,1000,False,False
inithx.i.1,KERB-R1,0,864,1,22,39.27272727,100,False,False
inithx.i.1,KERB-R1,1,864,1,24,36,100,False,False
inithx.i.1,KERB-R1,2,864,1,24,36,100,False,False
inithx.i.1,KERB-R1,3,864,1,22,39.27272727,100,False,False
inithx.i.1,KERB-R1,4,864,1,22,39.27272727,100,False,False
inithx.i.1,KERB-R25,0,864,25,22,39.27272727,2500,False,False
inithx.i.1,KERB-R25,1,864,25,24,36,2500,False,False
inithx.i.1,KERB-R25,2,864,25,24,36,2500,False,False
inithx.i.1,KERB-R25,3,864,25,22,39.27272727,2500,False,False
inithx.i.1,KERB-R25,4,864,25,22,39.27272727,2500,False,False
inithx.i.1,KERB-R2,0,864,2,22,39.27272727,200,False,False
inithx.i.1,KERB-R2,1,864,2,24,36,200,False,False
inithx.i.1,KERB-R2,2,864,2,24,36,200,False,False
inithx.i.1,KERB-R2,3,864,2,22,39.27272727,200,False,False
inithx.i.1,KERB-R2,4,864,2,22,39.27272727,200,False,False
inithx.i.1,KERB-R3,0,864,3,22,39.27272727,300,False,False
inithx.i.1,KERB-R3,1,864,3,24,36,300,False,False
inithx.i.1,KERB-R3,2,864,3,24,36,300,False,False
inithx.i.1,KERB-R3,3,864,3,22,39.27272727,300,False,False
inithx.i.1,KERB-R3,4,864,3,22,39.27272727,300,False,False
inithx.i.1,KERB-R5,0,864,5,22,39.27272727,500,False,False
inithx.i.1,KERB-R5,1,864,5,24,36,500,False,False
inithx.i.1,KERB-R5,2,864,5,24,36,500,False,False
inithx.i.1,KERB-R5,3,864,5,22,39.27272727,500,False,False
inithx.i.1,KERB-R5,4,864,5,22,39.27272727,500,False,False
inithx.i.1,KERB-direct,0,864,3,22,39.27272727,300,False,False
inithx.i.1,KERB-direct,1,864,3,24,36,300,False,False
inithx.i.1,KERB-direct,2,864,3,24,36,300,False,False
inithx.i.1,KERB-direct,3,864,3,22,39.27272727,300,False,False
inithx.i.1,KERB-direct,4,864,3,22,39.27272727,300,False,False
inithx.i.1,KERB-kempe,0,864,3,22,39.27272727,300,False,False
inithx.i.1,KERB-kempe,1,864,3,24,36,300,False,False
inithx.i.1,KERB-kempe,2,864,3,24,36,300,False,False
inithx.i.1,KERB-kempe,3,864,3,22,39.27272727,300,False,False
inithx.i.1,KERB-kempe,4,864,3,22,39.27272727,300,False,False
inithx.i.1,KERB-noElim,0,864,3,22,39.27272727,300,False,False
inithx.i.1,KERB-noElim,1,864,3,24,36,300,False,False
inithx.i.1,KERB-noElim,2,864,3,24,36,300,False,False
inithx.i.1,KERB-noElim,3,864,3,22,39.27272727,300,False,False
inithx.i.1,KERB-noElim,4,864,3,22,39.27272727,300,False,False
inithx.i.1,KERB-noMig,0,864,3,22,39.27272727,300,False,False
inithx.i.1,KERB-noMig,1,864,3,24,36,300,False,False
inithx.i.1,KERB-noMig,2,864,3,24,36,300,False,False
inithx.i.1,KERB-noMig,3,864,3,22,39.27272727,300,False,False
inithx.i.1,KERB-noMig,4,864,3,22,39.27272727,300,False,False
inithx.i.1,KERB-tabu,0,864,3,22,39.27272727,300,False,False
inithx.i.1,KERB-tabu,1,864,3,24,36,300,False,False
inithx.i.1,KERB-tabu,2,864,3,24,36,300,False,False
inithx.i.1,KERB-tabu,3,864,3,22,39.27272727,300,False,False
inithx.i.1,KERB-tabu,4,864,3,22,39.27272727,300,False,False
le450_15c,KERB-R10,0,450,10,17,26.47058824,1000,False,False
le450_15c,KERB-R10,1,450,10,17,26.47058824,1000,False,False
le450_15c,KERB-R10,2,450,10,17,26.47058824,1000,False,False
le450_15c,KERB-R10,3,450,10,17,26.47058824,1000,False,False
le450_15c,KERB-R10,4,450,10,17,26.47058824,1000,False,False
le450_15c,KERB-R1,0,450,1,17,26.47058824,100,False,False
le450_15c,KERB-R1,1,450,1,17,26.47058824,100,False,False
le450_15c,KERB-R1,2,450,1,17,26.47058824,100,False,False
le450_15c,KERB-R1,3,450,1,17,26.47058824,100,False,False
le450_15c,KERB-R1,4,450,1,17,26.47058824,100,False,False
le450_15c,KERB-R25,0,450,25,17,26.47058824,2500,False,False
le450_15c,KERB-R25,1,450,25,17,26.47058824,2500,False,False
le450_15c,KERB-R25,2,450,25,17,26.47058824,2500,False,False
le450_15c,KERB-R25,3,450,25,17,26.47058824,2500,False,False
le450_15c,KERB-R25,4,450,25,17,26.47058824,2500,False,False
le450_15c,KERB-R2,0,450,2,17,26.47058824,200,False,False
le450_15c,KERB-R2,1,450,2,17,26.47058824,200,False,False
le450_15c,KERB-R2,2,450,2,17,26.47058824,200,False,False
le450_15c,KERB-R2,3,450,2,17,26.47058824,200,False,False
le450_15c,KERB-R2,4,450,2,17,26.47058824,200,False,False
le450_15c,KERB-R3,0,450,3,17,26.47058824,300,False,False
le450_15c,KERB-R3,1,450,3,17,26.47058824,300,False,False
le450_15c,KERB-R3,2,450,3,17,26.47058824,300,False,False
le450_15c,KERB-R3,3,450,3,17,26.47058824,300,False,False
le450_15c,KERB-R3,4,450,3,17,26.47058824,300,False,False
le450_15c,KERB-R5,0,450,5,17,26.47058824,500,False,False
le450_15c,KERB-R5,1,450,5,17,26.47058824,500,False,False
le450_15c,KERB-R5,2,450,5,17,26.47058824,500,False,False
le450_15c,KERB-R5,3,450,5,17,26.47058824,500,False,False
le450_15c,KERB-R5,4,450,5,17,26.47058824,500,False,False
le450_15c,KERB-direct,0,450,3,17,26.47058824,300,False,False
le450_15c,KERB-direct,1,450,3,17,26.47058824,300,False,False
le450_15c,KERB-direct,2,450,3,17,26.47058824,300,False,False
le450_15c,KERB-direct,3,450,3,17,26.47058824,300,False,False
le450_15c,KERB-direct,4,450,3,17,26.47058824,300,False,False
le450_15c,KERB-kempe,0,450,3,17,26.47058824,300,False,False
le450_15c,KERB-kempe,1,450,3,17,26.47058824,300,False,False
le450_15c,KERB-kempe,2,450,3,17,26.47058824,300,False,False
le450_15c,KERB-kempe,3,450,3,17,26.47058824,300,False,False
le450_15c,KERB-kempe,4,450,3,17,26.47058824,300,False,False
le450_15c,KERB-noElim,0,450,3,17,26.47058824,300,False,False
le450_15c,KERB-noElim,1,450,3,17,26.47058824,300,False,False
le450_15c,KERB-noElim,2,450,3,17,26.47058824,300,False,False
le450_15c,KERB-noElim,3,450,3,17,26.47058824,300,False,False
le450_15c,KERB-noElim,4,450,3,17,26.47058824,300,False,False
le450_15c,KERB-noMig,0,450,3,17,26.47058824,300,False,False
le450_15c,KERB-noMig,1,450,3,17,26.47058824,300,False,False
le450_15c,KERB-noMig,2,450,3,17,26.47058824,300,False,False
le450_15c,KERB-noMig,3,450,3,17,26.47058824,300,False,False
le450_15c,KERB-noMig,4,450,3,17,26.47058824,300,False,False
le450_15c,KERB-tabu,0,450,3,17,26.47058824,300,False,False
le450_15c,KERB-tabu,1,450,3,17,26.47058824,300,False,False
le450_15c,KERB-tabu,2,450,3,17,26.47058824,300,False,False
le450_15c,KERB-tabu,3,450,3,17,26.47058824,300,False,False
le450_15c,KERB-tabu,4,450,3,17,26.47058824,300,False,False
le450_25c,KERB-R10,0,450,10,19,23.68421053,1000,False,False
le450_25c,KERB-R10,1,450,10,19,23.68421053,1000,False,False
le450_25c,KERB-R10,2,450,10,19,23.68421053,1000,False,False
le450_25c,KERB-R10,3,450,10,19,23.68421053,1000,False,False
le450_25c,KERB-R10,4,450,10,20,22.5,1000,False,False
le450_25c,KERB-R1,0,450,1,19,23.68421053,100,False,False
le450_25c,KERB-R1,1,450,1,19,23.68421053,100,False,False
le450_25c,KERB-R1,2,450,1,19,23.68421053,100,False,False
le450_25c,KERB-R1,3,450,1,19,23.68421053,100,False,False
le450_25c,KERB-R1,4,450,1,20,22.5,100,False,False
le450_25c,KERB-R25,0,450,25,19,23.68421053,2500,False,False
le450_25c,KERB-R25,1,450,25,19,23.68421053,2500,False,False
le450_25c,KERB-R25,2,450,25,19,23.68421053,2500,False,False
le450_25c,KERB-R25,3,450,25,19,23.68421053,2500,False,False
le450_25c,KERB-R25,4,450,25,20,22.5,2500,False,False
le450_25c,KERB-R2,0,450,2,19,23.68421053,200,False,False
le450_25c,KERB-R2,1,450,2,19,23.68421053,200,False,False
le450_25c,KERB-R2,2,450,2,19,23.68421053,200,False,False
le450_25c,KERB-R2,3,450,2,19,23.68421053,200,False,False
le450_25c,KERB-R2,4,450,2,20,22.5,200,False,False
le450_25c,KERB-R3,0,450,3,19,23.68421053,300,False,False
le450_25c,KERB-R3,1,450,3,19,23.68421053,300,False,False
le450_25c,KERB-R3,2,450,3,19,23.68421053,300,False,False
le450_25c,KERB-R3,3,450,3,19,23.68421053,300,False,False
le450_25c,KERB-R3,4,450,3,20,22.5,300,False,False
le450_25c,KERB-R5,0,450,5,19,23.68421053,500,False,False
le450_25c,KERB-R5,1,450,5,19,23.68421053,500,False,False
le450_25c,KERB-R5,2,450,5,19,23.68421053,500,False,False
le450_25c,KERB-R5,3,450,5,19,23.68421053,500,False,False
le450_25c,KERB-R5,4,450,5,20,22.5,500,False,False
le450_25c,KERB-direct,0,450,3,19,23.68421053,300,False,False
le450_25c,KERB-direct,1,450,3,19,23.68421053,300,False,False
le450_25c,KERB-direct,2,450,3,19,23.68421053,300,False,False
le450_25c,KERB-direct,3,450,3,19,23.68421053,300,False,False
le450_25c,KERB-direct,4,450,3,20,22.5,300,False,False
le450_25c,KERB-kempe,0,450,3,19,23.68421053,300,False,False
le450_25c,KERB-kempe,1,450,3,19,23.68421053,300,False,False
le450_25c,KERB-kempe,2,450,3,19,23.68421053,300,False,False
le450_25c,KERB-kempe,3,450,3,19,23.68421053,300,False,False
le450_25c,KERB-kempe,4,450,3,20,22.5,300,False,False
le450_25c,KERB-noElim,0,450,3,19,23.68421053,300,False,False
le450_25c,KERB-noElim,1,450,3,19,23.68421053,300,False,False
le450_25c,KERB-noElim,2,450,3,19,23.68421053,300,False,False
le450_25c,KERB-noElim,3,450,3,19,23.68421053,300,False,False
le450_25c,KERB-noElim,4,450,3,20,22.5,300,False,False
le450_25c,KERB-noMig,0,450,3,19,23.68421053,300,False,False
le450_25c,KERB-noMig,1,450,3,19,23.68421053,300,False,False
le450_25c,KERB-noMig,2,450,3,19,23.68421053,300,False,False
le450_25c,KERB-noMig,3,450,3,19,23.68421053,300,False,False
le450_25c,KERB-noMig,4,450,3,20,22.5,300,False,False
le450_25c,KERB-tabu,0,450,3,19,23.68421053,300,False,False
le450_25c,KERB-tabu,1,450,3,19,23.68421053,300,False,False
le450_25c,KERB-tabu,2,450,3,19,23.68421053,300,False,False
le450_25c,KERB-tabu,3,450,3,19,23.68421053,300,False,False
le450_25c,KERB-tabu,4,450,3,19,23.68421053,300,False,False
miles750,KERB-R10,0,128,10,14,9.142857143,1000,False,False
miles750,KERB-R10,1,128,10,14,9.142857143,1000,False,False
miles750,KERB-R10,2,128,10,14,9.142857143,1000,False,False
miles750,KERB-R10,3,128,10,14,9.142857143,1000,False,False
miles750,KERB-R10,4,128,10,14,9.142857143,1000,False,False
miles750,KERB-R1,0,128,1,15,8.533333333,100,False,False
miles750,KERB-R1,1,128,1,14,9.142857143,100,False,False
miles750,KERB-R1,2,128,1,15,8.533333333,100,False,False
miles750,KERB-R1,3,128,1,14,9.142857143,100,False,False
miles750,KERB-R1,4,128,1,15,8.533333333,100,False,False
miles750,KERB-R25,0,128,25,14,9.142857143,2500,False,False
miles750,KERB-R25,1,128,25,14,9.142857143,2500,False,False
miles750,KERB-R25,2,128,25,14,9.142857143,2500,False,False
miles750,KERB-R25,3,128,25,14,9.142857143,2500,False,False
miles750,KERB-R25,4,128,25,14,9.142857143,2500,False,False
miles750,KERB-R2,0,128,2,14,9.142857143,200,False,False
miles750,KERB-R2,1,128,2,14,9.142857143,200,False,False
miles750,KERB-R2,2,128,2,15,8.533333333,200,False,False
miles750,KERB-R2,3,128,2,14,9.142857143,200,False,False
miles750,KERB-R2,4,128,2,15,8.533333333,200,False,False
miles750,KERB-R3,0,128,3,14,9.142857143,300,False,False
miles750,KERB-R3,1,128,3,14,9.142857143,300,False,False
miles750,KERB-R3,2,128,3,14,9.142857143,300,False,False
miles750,KERB-R3,3,128,3,14,9.142857143,300,False,False
miles750,KERB-R3,4,128,3,14,9.142857143,300,False,False
miles750,KERB-R5,0,128,5,14,9.142857143,500,False,False
miles750,KERB-R5,1,128,5,14,9.142857143,500,False,False
miles750,KERB-R5,2,128,5,14,9.142857143,500,False,False
miles750,KERB-R5,3,128,5,14,9.142857143,500,False,False
miles750,KERB-R5,4,128,5,14,9.142857143,500,False,False
miles750,KERB-direct,0,128,3,15,8.533333333,300,False,False
miles750,KERB-direct,1,128,3,14,9.142857143,300,False,False
miles750,KERB-direct,2,128,3,15,8.533333333,300,False,False
miles750,KERB-direct,3,128,3,14,9.142857143,300,False,False
miles750,KERB-direct,4,128,3,15,8.533333333,300,False,False
miles750,KERB-kempe,0,128,3,15,8.533333333,300,False,False
miles750,KERB-kempe,1,128,3,14,9.142857143,300,False,False
miles750,KERB-kempe,2,128,3,15,8.533333333,300,False,False
miles750,KERB-kempe,3,128,3,14,9.142857143,300,False,False
miles750,KERB-kempe,4,128,3,15,8.533333333,300,False,False
miles750,KERB-noElim,0,128,3,14,9.142857143,300,False,False
miles750,KERB-noElim,1,128,3,14,9.142857143,300,False,False
miles750,KERB-noElim,2,128,3,13,9.846153846,300,False,False
miles750,KERB-noElim,3,128,3,14,9.142857143,300,False,False
miles750,KERB-noElim,4,128,3,14,9.142857143,300,False,False
miles750,KERB-noMig,0,128,3,15,8.533333333,300,False,False
miles750,KERB-noMig,1,128,3,14,9.142857143,300,False,False
miles750,KERB-noMig,2,128,3,15,8.533333333,300,False,False
miles750,KERB-noMig,3,128,3,14,9.142857143,300,False,False
miles750,KERB-noMig,4,128,3,15,8.533333333,300,False,False
miles750,KERB-tabu,0,128,3,14,9.142857143,300,False,False
miles750,KERB-tabu,1,128,3,14,9.142857143,300,False,False
miles750,KERB-tabu,2,128,3,14,9.142857143,300,False,False
miles750,KERB-tabu,3,128,3,14,9.142857143,300,False,False
miles750,KERB-tabu,4,128,3,14,9.142857143,300,False,False
myciel7,KERB-R10,0,191,10,6,31.83333333,1000,False,False
myciel7,KERB-R10,1,191,10,6,31.83333333,1000,False,False
myciel7,KERB-R10,2,191,10,6,31.83333333,1000,False,False
myciel7,KERB-R10,3,191,10,6,31.83333333,1000,False,False
myciel7,KERB-R10,4,191,10,6,31.83333333,1000,False,False
myciel7,KERB-R1,0,191,1,6,31.83333333,100,False,False
myciel7,KERB-R1,1,191,1,6,31.83333333,100,False,False
myciel7,KERB-R1,2,191,1,6,31.83333333,100,False,False
myciel7,KERB-R1,3,191,1,6,31.83333333,100,False,False
myciel7,KERB-R1,4,191,1,6,31.83333333,100,False,False
myciel7,KERB-R25,0,191,25,6,31.83333333,2500,False,False
myciel7,KERB-R25,1,191,25,6,31.83333333,2500,False,False
myciel7,KERB-R25,2,191,25,6,31.83333333,2500,False,False
myciel7,KERB-R25,3,191,25,6,31.83333333,2500,False,False
myciel7,KERB-R25,4,191,25,6,31.83333333,2500,False,False
myciel7,KERB-R2,0,191,2,6,31.83333333,200,False,False
myciel7,KERB-R2,1,191,2,6,31.83333333,200,False,False
myciel7,KERB-R2,2,191,2,6,31.83333333,200,False,False
myciel7,KERB-R2,3,191,2,6,31.83333333,200,False,False
myciel7,KERB-R2,4,191,2,6,31.83333333,200,False,False
myciel7,KERB-R3,0,191,3,6,31.83333333,300,False,False
myciel7,KERB-R3,1,191,3,6,31.83333333,300,False,False
myciel7,KERB-R3,2,191,3,6,31.83333333,300,False,False
myciel7,KERB-R3,3,191,3,6,31.83333333,300,False,False
myciel7,KERB-R3,4,191,3,6,31.83333333,300,False,False
myciel7,KERB-R5,0,191,5,6,31.83333333,500,False,False
myciel7,KERB-R5,1,191,5,6,31.83333333,500,False,False
myciel7,KERB-R5,2,191,5,6,31.83333333,500,False,False
myciel7,KERB-R5,3,191,5,6,31.83333333,500,False,False
myciel7,KERB-R5,4,191,5,6,31.83333333,500,False,False
myciel7,KERB-direct,0,191,3,6,31.83333333,300,False,False
myciel7,KERB-direct,1,191,3,6,31.83333333,300,False,False
myciel7,KERB-direct,2,191,3,6,31.83333333,300,False,False
myciel7,KERB-direct,3,191,3,6,31.83333333,300,False,False
myciel7,KERB-direct,4,191,3,6,31.83333333,300,False,False
myciel7,KERB-kempe,0,191,3,6,31.83333333,300,False,False
myciel7,KERB-kempe,1,191,3,6,31.83333333,300,False,False
myciel7,KERB-kempe,2,191,3,6,31.83333333,300,False,False
myciel7,KERB-kempe,3,191,3,6,31.83333333,300,False,False
myciel7,KERB-kempe,4,191,3,6,31.83333333,300,False,False
myciel7,KERB-noElim,0,191,3,6,31.83333333,300,False,False
myciel7,KERB-noElim,1,191,3,6,31.83333333,300,False,False
myciel7,KERB-noElim,2,191,3,6,31.83333333,300,False,False
myciel7,KERB-noElim,3,191,3,6,31.83333333,300,False,False
myciel7,KERB-noElim,4,191,3,6,31.83333333,300,False,False
myciel7,KERB-noMig,0,191,3,6,31.83333333,300,False,False
myciel7,KERB-noMig,1,191,3,6,31.83333333,300,False,False
myciel7,KERB-noMig,2,191,3,6,31.83333333,300,False,False
myciel7,KERB-noMig,3,191,3,6,31.83333333,300,False,False
myciel7,KERB-noMig,4,191,3,6,31.83333333,300,False,False
myciel7,KERB-tabu,0,191,3,6,31.83333333,300,False,False
myciel7,KERB-tabu,1,191,3,6,31.83333333,300,False,False
myciel7,KERB-tabu,2,191,3,6,31.83333333,300,False,False
myciel7,KERB-tabu,3,191,3,6,31.83333333,300,False,False
myciel7,KERB-tabu,4,191,3,6,31.83333333,300,False,False
queen11_11,KERB-R10,0,121,10,10,12.1,1000,False,False
queen11_11,KERB-R10,1,121,10,10,12.1,1000,False,False
queen11_11,KERB-R10,2,121,10,10,12.1,1000,False,False
queen11_11,KERB-R10,3,121,10,10,12.1,1000,False,False
queen11_11,KERB-R10,4,121,10,10,12.1,1000,False,False
queen11_11,KERB-R1,0,121,1,11,11,100,False,False
queen11_11,KERB-R1,1,121,1,10,12.1,100,False,False
queen11_11,KERB-R1,2,121,1,10,12.1,100,False,False
queen11_11,KERB-R1,3,121,1,10,12.1,100,False,False
queen11_11,KERB-R1,4,121,1,10,12.1,100,False,False
queen11_11,KERB-R25,0,121,25,10,12.1,2500,False,False
queen11_11,KERB-R25,1,121,25,10,12.1,2500,False,False
queen11_11,KERB-R25,2,121,25,10,12.1,2500,False,False
queen11_11,KERB-R25,3,121,25,10,12.1,2500,False,False
queen11_11,KERB-R25,4,121,25,10,12.1,2500,False,False
queen11_11,KERB-R2,0,121,2,11,11,200,False,False
queen11_11,KERB-R2,1,121,2,10,12.1,200,False,False
queen11_11,KERB-R2,2,121,2,10,12.1,200,False,False
queen11_11,KERB-R2,3,121,2,10,12.1,200,False,False
queen11_11,KERB-R2,4,121,2,10,12.1,200,False,False
queen11_11,KERB-R3,0,121,3,10,12.1,300,False,False
queen11_11,KERB-R3,1,121,3,10,12.1,300,False,False
queen11_11,KERB-R3,2,121,3,10,12.1,300,False,False
queen11_11,KERB-R3,3,121,3,10,12.1,300,False,False
queen11_11,KERB-R3,4,121,3,10,12.1,300,False,False
queen11_11,KERB-R5,0,121,5,10,12.1,500,False,False
queen11_11,KERB-R5,1,121,5,10,12.1,500,False,False
queen11_11,KERB-R5,2,121,5,10,12.1,500,False,False
queen11_11,KERB-R5,3,121,5,10,12.1,500,False,False
queen11_11,KERB-R5,4,121,5,10,12.1,500,False,False
queen11_11,KERB-direct,0,121,3,11,11,300,False,False
queen11_11,KERB-direct,1,121,3,10,12.1,300,False,False
queen11_11,KERB-direct,2,121,3,10,12.1,300,False,False
queen11_11,KERB-direct,3,121,3,10,12.1,300,False,False
queen11_11,KERB-direct,4,121,3,10,12.1,300,False,False
queen11_11,KERB-kempe,0,121,3,11,11,300,False,False
queen11_11,KERB-kempe,1,121,3,10,12.1,300,False,False
queen11_11,KERB-kempe,2,121,3,10,12.1,300,False,False
queen11_11,KERB-kempe,3,121,3,10,12.1,300,False,False
queen11_11,KERB-kempe,4,121,3,10,12.1,300,False,False
queen11_11,KERB-noElim,0,121,3,10,12.1,300,False,False
queen11_11,KERB-noElim,1,121,3,10,12.1,300,False,False
queen11_11,KERB-noElim,2,121,3,10,12.1,300,False,False
queen11_11,KERB-noElim,3,121,3,10,12.1,300,False,False
queen11_11,KERB-noElim,4,121,3,10,12.1,300,False,False
queen11_11,KERB-noMig,0,121,3,11,11,300,False,False
queen11_11,KERB-noMig,1,121,3,10,12.1,300,False,False
queen11_11,KERB-noMig,2,121,3,10,12.1,300,False,False
queen11_11,KERB-noMig,3,121,3,10,12.1,300,False,False
queen11_11,KERB-noMig,4,121,3,10,12.1,300,False,False
queen11_11,KERB-tabu,0,121,3,11,11,300,False,False
queen11_11,KERB-tabu,1,121,3,10,12.1,300,False,False
queen11_11,KERB-tabu,2,121,3,10,12.1,300,False,False
queen11_11,KERB-tabu,3,121,3,10,12.1,300,False,False
queen11_11,KERB-tabu,4,121,3,10,12.1,300,False,False
school1,KERB-R10,0,385,10,14,27.5,1000,False,False
school1,KERB-R10,1,385,10,14,27.5,1000,False,False
school1,KERB-R10,2,385,10,14,27.5,1000,False,False
school1,KERB-R10,3,385,10,14,27.5,1000,False,False
school1,KERB-R10,4,385,10,14,27.5,1000,False,False
school1,KERB-R1,0,385,1,14,27.5,100,False,False
school1,KERB-R1,1,385,1,14,27.5,100,False,False
school1,KERB-R1,2,385,1,14,27.5,100,False,False
school1,KERB-R1,3,385,1,14,27.5,100,False,False
school1,KERB-R1,4,385,1,14,27.5,100,False,False
school1,KERB-R25,0,385,25,14,27.5,2500,False,False
school1,KERB-R25,1,385,25,14,27.5,2500,False,False
school1,KERB-R25,2,385,25,14,27.5,2500,False,False
school1,KERB-R25,3,385,25,14,27.5,2500,False,False
school1,KERB-R25,4,385,25,14,27.5,2500,False,False
school1,KERB-R2,0,385,2,14,27.5,200,False,False
school1,KERB-R2,1,385,2,14,27.5,200,False,False
school1,KERB-R2,2,385,2,14,27.5,200,False,False
school1,KERB-R2,3,385,2,14,27.5,200,False,False
school1,KERB-R2,4,385,2,14,27.5,200,False,False
school1,KERB-R3,0,385,3,14,27.5,300,False,False
school1,KERB-R3,1,385,3,14,27.5,300,False,False
school1,KERB-R3,2,385,3,14,27.5,300,False,False
school1,KERB-R3,3,385,3,14,27.5,300,False,False
school1,KERB-R3,4,385,3,14,27.5,300,False,False
school1,KERB-R5,0,385,5,14,27.5,500,False,False
school1,KERB-R5,1,385,5,14,27.5,500,False,False
school1,KERB-R5,2,385,5,14,27.5,500,False,False
school1,KERB-R5,3,385,5,14,27.5,500,False,False
school1,KERB-R5,4,385,5,14,27.5,500,False,False
school1,KERB-direct,0,385,3,14,27.5,300,False,False
school1,KERB-direct,1,385,3,14,27.5,300,False,False
school1,KERB-direct,2,385,3,14,27.5,300,False,False
school1,KERB-direct,3,385,3,14,27.5,300,False,False
school1,KERB-direct,4,385,3,14,27.5,300,False,False
school1,KERB-kempe,0,385,3,14,27.5,300,False,False
school1,KERB-kempe,1,385,3,14,27.5,300,False,False
school1,KERB-kempe,2,385,3,14,27.5,300,False,False
school1,KERB-kempe,3,385,3,14,27.5,300,False,False
school1,KERB-kempe,4,385,3,14,27.5,300,False,False
school1,KERB-noElim,0,385,3,14,27.5,300,False,False
school1,KERB-noElim,1,385,3,14,27.5,300,False,False
school1,KERB-noElim,2,385,3,14,27.5,300,False,False
school1,KERB-noElim,3,385,3,14,27.5,300,False,False
school1,KERB-noElim,4,385,3,14,27.5,300,False,False
school1,KERB-noMig,0,385,3,14,27.5,300,False,False
school1,KERB-noMig,1,385,3,14,27.5,300,False,False
school1,KERB-noMig,2,385,3,14,27.5,300,False,False
school1,KERB-noMig,3,385,3,14,27.5,300,False,False
school1,KERB-noMig,4,385,3,14,27.5,300,False,False
school1,KERB-tabu,0,385,3,14,27.5,300,False,False
school1,KERB-tabu,1,385,3,14,27.5,300,False,False
school1,KERB-tabu,2,385,3,14,27.5,300,False,False
school1,KERB-tabu,3,385,3,14,27.5,300,False,False
school1,KERB-tabu,4,385,3,14,27.5,300,False,False
