instance,family,n,m,density,max_degree,degeneracy,clique_lb,chi_page,DSATUR,Greedy (natural order),Greedy (random order),RLF,Smallest-last,TabuCol-minimise,Welsh-Powell
DSJC1000.1,DSJ,1000,49629,0.09935735736,127,81,5,,25,31,31.6,24,30,22,29
DSJC125.1,DSJ,125,736,0.09496774194,23,8,4,,6,8,8.5,6,7,5,7
DSJC125.5,DSJ,125,3891,0.5020645161,75,53,10,,23,26,24.7,20,25,17,23
DSJC125.9,DSJ,125,6961,0.8981935484,120,103,34,,50,56,56.3,50,52,44,53
DSJC250.1,DSJ,250,3218,0.1033895582,38,18,4,,10,13,12.9,9,12,8,11
DSJC250.5,DSJ,250,15668,0.5033895582,147,109,12,,37,43,42.2,34,39,29,41
DSJC250.9,DSJ,250,27897,0.8962891566,234,211,42,,90,99,96.9,83,96,73,93
DSJC500.1,DSJ,500,12458,0.09986372745,68,38,5,,16,20,19.2,15,19,13,18
DSJC500.5,DSJ,500,62624,0.501995992,286,225,13,,65,72,73.1,59,70,52,71
DSJR500.1,DSJ,500,3555,0.02849699399,25,12,12,,14,15,14.5,13,12,12,13
DSJR500.5,DSJ,500,58862,0.4718396794,388,147,121,,132,143,146.2,132,127,127,134
anna,SGB,138,493,0.05215275574,71,10,11,11,11,12,11.3,11,11,11,11
david,SGB,87,406,0.1085271318,82,10,11,11,11,12,11.7,11,11,11,11
flat300_28_0,CUL,300,21695,0.4837235229,162,130,11,28,41,46,46.9,37,46,33,45
fpsol2.i.1,REG,496,11654,0.094933203,252,64,60,65,65,65,65,65,65,65,65
games120,SGB,120,638,0.0893557423,13,8,9,9,9,9,9.1,9,9,9,9
homer,SGB,561,1628,0.01036414566,99,12,13,13,13,15,13.7,13,13,13,13
huck,SGB,74,301,0.1114402073,53,10,11,11,11,11,11,11,11,11,11
inithx.i.1,REG,864,18707,0.05017756749,502,55,54,54,54,54,54,54,54,54,54
jean,SGB,80,254,0.08037974684,36,9,10,10,10,10,10.4,10,10,10,10
le450_15a,LEI,450,8168,0.08085127444,99,24,15,15,17,22,22.3,17,18,15,18
le450_15c,LEI,450,16680,0.1651076466,139,49,15,15,24,30,30.6,23,26,17,26
le450_25a,LEI,450,8260,0.08176194011,128,26,25,25,25,28,27.8,25,25,25,26
le450_25c,LEI,450,17343,0.1716703786,179,52,25,25,28,37,35.8,28,31,27,29
le450_5a,LEI,450,5714,0.05656025736,42,17,5,5,10,14,13.1,8,11,5,11
miles1500,SGB,128,5198,0.6395177165,106,72,73,73,73,76,73.8,73,73,73,73
miles250,SGB,128,387,0.04761318898,16,7,8,8,8,9,9.3,8,8,8,8
miles750,SGB,128,2113,0.2599655512,64,31,31,31,31,34,33.4,31,31,31,32
mulsol.i.1,REG,197,3925,0.2033046721,121,48,49,49,49,49,49,49,49,49,49
myciel5,MYC,47,236,0.2183163737,23,8,2,6,6,6,6.1,6,6,6,6
myciel6,MYC,95,755,0.1690929451,47,12,2,7,7,7,7.2,7,7,7,7
myciel7,MYC,191,2360,0.1300633783,95,18,2,8,8,8,8.7,8,8,8,8
queen11_11,SGB,121,1980,0.2727272727,40,30,11,11,14,17,16.3,14,16,12,17
queen13_13,SGB,169,3328,0.2344322344,48,36,13,13,17,21,19.5,16,19,14,23
queen8_8,SGB,64,728,0.3611111111,27,21,8,9,13,13,12.4,10,15,9,13
school1,SCH,385,19095,0.2583198052,282,73,14,,20,42,42.5,28,15,14,32
school1_nsh,SCH,352,14612,0.2365319865,232,61,14,,26,39,38.5,24,21,14,34
zeroin.i.1,REG,211,4100,0.1850598059,111,48,49,49,49,49,49.1,49,49,49,49
