instance,n,m,density,max_degree,degeneracy,clique_lb,family,chi_page,algorithm,colours,time_s
DSJC1000.1,1000,49629,0.09935735736,127,81,5,DSJ,,Greedy (natural order),31,0.006865322999
DSJC1000.1,1000,49629,0.09935735736,127,81,5,DSJ,,Welsh-Powell,29,0.008532952999
DSJC1000.1,1000,49629,0.09935735736,127,81,5,DSJ,,Smallest-last,30,0.020516968
DSJC1000.1,1000,49629,0.09935735736,127,81,5,DSJ,,DSATUR,25,0.091477166
DSJC1000.1,1000,49629,0.09935735736,127,81,5,DSJ,,RLF,24,1.035905715
DSJC1000.1,1000,49629,0.09935735736,127,81,5,DSJ,,Greedy (random order),31.6,0.0081924202
DSJC1000.1,1000,49629,0.09935735736,127,81,5,DSJ,,TabuCol-minimise,22,9.412823883
DSJC125.1,125,736,0.09496774194,23,8,4,DSJ,,Greedy (natural order),8,0.0001326799993
DSJC125.1,125,736,0.09496774194,23,8,4,DSJ,,Welsh-Powell,7,0.0001790360002
DSJC125.1,125,736,0.09496774194,23,8,4,DSJ,,Smallest-last,7,0.0003580190005
DSJC125.1,125,736,0.09496774194,23,8,4,DSJ,,DSATUR,6,0.0007231560012
DSJC125.1,125,736,0.09496774194,23,8,4,DSJ,,RLF,6,0.00278932
DSJC125.1,125,736,0.09496774194,23,8,4,DSJ,,Greedy (random order),8.5,0.0001623994996
DSJC125.1,125,736,0.09496774194,23,8,4,DSJ,,TabuCol-minimise,5,3.945631498
DSJC125.5,125,3891,0.5020645161,75,53,10,DSJ,,Greedy (natural order),26,0.000414778
DSJC125.5,125,3891,0.5020645161,75,53,10,DSJ,,Welsh-Powell,23,0.0007554939984
DSJC125.5,125,3891,0.5020645161,75,53,10,DSJ,,Smallest-last,25,0.001169354
DSJC125.5,125,3891,0.5020645161,75,53,10,DSJ,,DSATUR,23,0.003792075
DSJC125.5,125,3891,0.5020645161,75,53,10,DSJ,,RLF,20,0.006660092
DSJC125.5,125,3891,0.5020645161,75,53,10,DSJ,,Greedy (random order),24.7,0.0004704632998
DSJC125.5,125,3891,0.5020645161,75,53,10,DSJ,,TabuCol-minimise,17,6.820705735
DSJC125.9,125,6961,0.8981935484,120,103,34,DSJ,,Greedy (natural order),56,0.001419214999
DSJC125.9,125,6961,0.8981935484,120,103,34,DSJ,,Welsh-Powell,53,0.0008758660006
DSJC125.9,125,6961,0.8981935484,120,103,34,DSJ,,Smallest-last,52,0.001756819001
DSJC125.9,125,6961,0.8981935484,120,103,34,DSJ,,DSATUR,50,0.007775953
DSJC125.9,125,6961,0.8981935484,120,103,34,DSJ,,RLF,50,0.013766406
DSJC125.9,125,6961,0.8981935484,120,103,34,DSJ,,Greedy (random order),56.3,0.0010555882
DSJC125.9,125,6961,0.8981935484,120,103,34,DSJ,,TabuCol-minimise,44,5.451377037
DSJC250.1,250,3218,0.1033895582,38,18,4,DSJ,,Greedy (natural order),13,0.0004748699994
DSJC250.1,250,3218,0.1033895582,38,18,4,DSJ,,Welsh-Powell,11,0.0005585979998
DSJC250.1,250,3218,0.1033895582,38,18,4,DSJ,,Smallest-last,12,0.001127815
DSJC250.1,250,3218,0.1033895582,38,18,4,DSJ,,DSATUR,10,0.003210798999
DSJC250.1,250,3218,0.1033895582,38,18,4,DSJ,,RLF,9,0.018108577
DSJC250.1,250,3218,0.1033895582,38,18,4,DSJ,,Greedy (random order),12.9,0.0004947657
DSJC250.1,250,3218,0.1033895582,38,18,4,DSJ,,TabuCol-minimise,8,5.215641166
DSJC250.5,250,15668,0.5033895582,147,109,12,DSJ,,Greedy (natural order),43,0.001642906
DSJC250.5,250,15668,0.5033895582,147,109,12,DSJ,,Welsh-Powell,41,0.001751573001
DSJC250.5,250,15668,0.5033895582,147,109,12,DSJ,,Smallest-last,39,0.004466742999
DSJC250.5,250,15668,0.5033895582,147,109,12,DSJ,,DSATUR,37,0.019571343
DSJC250.5,250,15668,0.5033895582,147,109,12,DSJ,,RLF,34,0.046617535
DSJC250.5,250,15668,0.5033895582,147,109,12,DSJ,,Greedy (random order),42.2,0.0017573991
DSJC250.5,250,15668,0.5033895582,147,109,12,DSJ,,TabuCol-minimise,29,10.82881161
DSJC250.9,250,27897,0.8962891566,234,211,42,DSJ,,Greedy (natural order),99,0.002237293
DSJC250.9,250,27897,0.8962891566,234,211,42,DSJ,,Welsh-Powell,93,0.002614747
DSJC250.9,250,27897,0.8962891566,234,211,42,DSJ,,Smallest-last,96,0.006372789001
DSJC250.9,250,27897,0.8962891566,234,211,42,DSJ,,DSATUR,90,0.033151989
DSJC250.9,250,27897,0.8962891566,234,211,42,DSJ,,RLF,83,0.044087407
DSJC250.9,250,27897,0.8962891566,234,211,42,DSJ,,Greedy (random order),96.9,0.0024036558
DSJC250.9,250,27897,0.8962891566,234,211,42,DSJ,,TabuCol-minimise,73,15.72084065
DSJC500.1,500,12458,0.09986372745,68,38,5,DSJ,,Greedy (natural order),20,0.001628008
DSJC500.1,500,12458,0.09986372745,68,38,5,DSJ,,Welsh-Powell,18,0.002347124
DSJC500.1,500,12458,0.09986372745,68,38,5,DSJ,,Smallest-last,19,0.004395511
DSJC500.1,500,12458,0.09986372745,68,38,5,DSJ,,DSATUR,16,0.01578596
DSJC500.1,500,12458,0.09986372745,68,38,5,DSJ,,RLF,15,0.132768232
DSJC500.1,500,12458,0.09986372745,68,38,5,DSJ,,Greedy (random order),19.2,0.0016746511
DSJC500.1,500,12458,0.09986372745,68,38,5,DSJ,,TabuCol-minimise,13,6.99592655
DSJC500.5,500,62624,0.501995992,286,225,13,DSJ,,Greedy (natural order),72,0.006249009
DSJC500.5,500,62624,0.501995992,286,225,13,DSJ,,Welsh-Powell,71,0.008954304001
DSJC500.5,500,62624,0.501995992,286,225,13,DSJ,,Smallest-last,70,0.019471576
DSJC500.5,500,62624,0.501995992,286,225,13,DSJ,,DSATUR,65,0.121660634
DSJC500.5,500,62624,0.501995992,286,225,13,DSJ,,RLF,59,0.408908963
DSJC500.5,500,62624,0.501995992,286,225,13,DSJ,,Greedy (random order),73.1,0.0104419261
DSJC500.5,500,62624,0.501995992,286,225,13,DSJ,,TabuCol-minimise,52,19.99130008
DSJR500.1,500,3555,0.02849699399,25,12,12,DSJ,,Greedy (natural order),15,0.0007051419998
DSJR500.1,500,3555,0.02849699399,25,12,12,DSJ,,Welsh-Powell,13,0.001191385001
DSJR500.1,500,3555,0.02849699399,25,12,12,DSJ,,Smallest-last,12,0.001653081999
DSJR500.1,500,3555,0.02849699399,25,12,12,DSJ,,DSATUR,14,0.003628677001
DSJR500.1,500,3555,0.02849699399,25,12,12,DSJ,,RLF,13,0.073188047
DSJR500.1,500,3555,0.02849699399,25,12,12,DSJ,,Greedy (random order),14.5,0.0008071532
DSJR500.1,500,3555,0.02849699399,25,12,12,DSJ,,TabuCol-minimise,12,1.837483786
DSJR500.5,500,58862,0.4718396794,388,147,121,DSJ,,Greedy (natural order),143,0.007085031
DSJR500.5,500,58862,0.4718396794,388,147,121,DSJ,,Welsh-Powell,134,0.007719084
DSJR500.5,500,58862,0.4718396794,388,147,121,DSJ,,Smallest-last,127,0.019940141
DSJR500.5,500,58862,0.4718396794,388,147,121,DSJ,,DSATUR,132,0.106412943
DSJR500.5,500,58862,0.4718396794,388,147,121,DSJ,,RLF,132,0.425709541
DSJR500.5,500,58862,0.4718396794,388,147,121,DSJ,,Greedy (random order),146.2,0.0077474084
DSJR500.5,500,58862,0.4718396794,388,147,121,DSJ,,TabuCol-minimise,127,12.73987615
anna,138,493,0.05215275574,71,10,11,SGB,11,Greedy (natural order),12,0.0001077019988
anna,138,493,0.05215275574,71,10,11,SGB,11,Welsh-Powell,11,0.0001436019993
anna,138,493,0.05215275574,71,10,11,SGB,11,Smallest-last,11,0.0003451100001
anna,138,493,0.05215275574,71,10,11,SGB,11,DSATUR,11,0.0005096719997
anna,138,493,0.05215275574,71,10,11,SGB,11,RLF,11,0.001188589002
anna,138,493,0.05215275574,71,10,11,SGB,11,Greedy (random order),11.3,0.00013894
anna,138,493,0.05215275574,71,10,11,SGB,11,TabuCol-minimise,11,1.099639094
david,87,406,0.1085271318,82,10,11,SGB,11,Greedy (natural order),12,9.102200056e-05
david,87,406,0.1085271318,82,10,11,SGB,11,Welsh-Powell,11,0.0001106759992
david,87,406,0.1085271318,82,10,11,SGB,11,Smallest-last,11,0.0002455409995
david,87,406,0.1085271318,82,10,11,SGB,11,DSATUR,11,0.0004483960001
david,87,406,0.1085271318,82,10,11,SGB,11,RLF,11,0.0007994520001
david,87,406,0.1085271318,82,10,11,SGB,11,Greedy (random order),11.7,0.0001037089003
david,87,406,0.1085271318,82,10,11,SGB,11,TabuCol-minimise,11,0.98999178
flat300_28_0,300,21695,0.4837235229,162,130,11,CUL,28,Greedy (natural order),46,0.003395307001
flat300_28_0,300,21695,0.4837235229,162,130,11,CUL,28,Welsh-Powell,45,0.003438666001
flat300_28_0,300,21695,0.4837235229,162,130,11,CUL,28,Smallest-last,46,0.011929164
flat300_28_0,300,21695,0.4837235229,162,130,11,CUL,28,DSATUR,41,0.030159468
flat300_28_0,300,21695,0.4837235229,162,130,11,CUL,28,RLF,37,0.07639647
flat300_28_0,300,21695,0.4837235229,162,130,11,CUL,28,Greedy (random order),46.9,0.0025403006
flat300_28_0,300,21695,0.4837235229,162,130,11,CUL,28,TabuCol-minimise,33,11.21477725
fpsol2.i.1,496,11654,0.094933203,252,64,60,REG,65,Greedy (natural order),65,0.001528044
fpsol2.i.1,496,11654,0.094933203,252,64,60,REG,65,Welsh-Powell,65,0.001429594999
fpsol2.i.1,496,11654,0.094933203,252,64,60,REG,65,Smallest-last,65,0.003362394002
fpsol2.i.1,496,11654,0.094933203,252,64,60,REG,65,DSATUR,65,0.012890607
fpsol2.i.1,496,11654,0.094933203,252,64,60,REG,65,RLF,65,0.038005138
fpsol2.i.1,496,11654,0.094933203,252,64,60,REG,65,Greedy (random order),65,0.0012832229
fpsol2.i.1,496,11654,0.094933203,252,64,60,REG,65,TabuCol-minimise,65,5.316921333
games120,120,638,0.0893557423,13,8,9,SGB,9,Greedy (natural order),9,0.0001427799998
games120,120,638,0.0893557423,13,8,9,SGB,9,Welsh-Powell,9,0.0001643680007
games120,120,638,0.0893557423,13,8,9,SGB,9,Smallest-last,9,0.0004320080006
games120,120,638,0.0893557423,13,8,9,SGB,9,DSATUR,9,0.0007140919988
games120,120,638,0.0893557423,13,8,9,SGB,9,RLF,9,0.003087023
games120,120,638,0.0893557423,13,8,9,SGB,9,Greedy (random order),9.1,0.0001521098005
games120,120,638,0.0893557423,13,8,9,SGB,9,TabuCol-minimise,9,1.084045817
homer,561,1628,0.01036414566,99,12,13,SGB,13,Greedy (natural order),15,0.0004144180002
homer,561,1628,0.01036414566,99,12,13,SGB,13,Welsh-Powell,13,0.0008510869993
homer,561,1628,0.01036414566,99,12,13,SGB,13,Smallest-last,13,0.001532582999
homer,561,1628,0.01036414566,99,12,13,SGB,13,DSATUR,13,0.001885188001
homer,561,1628,0.01036414566,99,12,13,SGB,13,RLF,13,0.026475114
homer,561,1628,0.01036414566,99,12,13,SGB,13,Greedy (random order),13.7,0.0005520438996
homer,561,1628,0.01036414566,99,12,13,SGB,13,TabuCol-minimise,13,1.070497227
huck,74,301,0.1114402073,53,10,11,SGB,11,Greedy (natural order),11,0.0001287190007
huck,74,301,0.1114402073,53,10,11,SGB,11,Welsh-Powell,11,0.0001007080009
huck,74,301,0.1114402073,53,10,11,SGB,11,Smallest-last,11,0.0002497490004
huck,74,301,0.1114402073,53,10,11,SGB,11,DSATUR,11,0.0003229769991
huck,74,301,0.1114402073,53,10,11,SGB,11,RLF,11,0.0007490219996
huck,74,301,0.1114402073,53,10,11,SGB,11,Greedy (random order),11,8.627810075e-05
huck,74,301,0.1114402073,53,10,11,SGB,11,TabuCol-minimise,11,0.824067791
inithx.i.1,864,18707,0.05017756749,502,55,54,REG,54,Greedy (natural order),54,0.002152019
inithx.i.1,864,18707,0.05017756749,502,55,54,REG,54,Welsh-Powell,54,0.00239163
inithx.i.1,864,18707,0.05017756749,502,55,54,REG,54,Smallest-last,54,0.006337633
inithx.i.1,864,18707,0.05017756749,502,55,54,REG,54,DSATUR,54,0.023921538
inithx.i.1,864,18707,0.05017756749,502,55,54,REG,54,RLF,54,0.088973538
inithx.i.1,864,18707,0.05017756749,502,55,54,REG,54,Greedy (random order),54,0.0022504393
inithx.i.1,864,18707,0.05017756749,502,55,54,REG,54,TabuCol-minimise,54,9.135962473
jean,80,254,0.08037974684,36,9,10,SGB,10,Greedy (natural order),10,6.160399971e-05
jean,80,254,0.08037974684,36,9,10,SGB,10,Welsh-Powell,10,8.261500079e-05
jean,80,254,0.08037974684,36,9,10,SGB,10,Smallest-last,10,0.0001708360014
jean,80,254,0.08037974684,36,9,10,SGB,10,DSATUR,10,0.0003346730009
jean,80,254,0.08037974684,36,9,10,SGB,10,RLF,10,0.0006780250005
jean,80,254,0.08037974684,36,9,10,SGB,10,Greedy (random order),10.4,8.484699993e-05
jean,80,254,0.08037974684,36,9,10,SGB,10,TabuCol-minimise,10,0.753015604
le450_15a,450,8168,0.08085127444,99,24,15,LEI,15,Greedy (natural order),22,0.001175526
le450_15a,450,8168,0.08085127444,99,24,15,LEI,15,Welsh-Powell,18,0.001542785001
le450_15a,450,8168,0.08085127444,99,24,15,LEI,15,Smallest-last,18,0.002990321
le450_15a,450,8168,0.08085127444,99,24,15,LEI,15,DSATUR,17,0.00917845
le450_15a,450,8168,0.08085127444,99,24,15,LEI,15,RLF,17,0.062461501
le450_15a,450,8168,0.08085127444,99,24,15,LEI,15,Greedy (random order),22.3,0.0011795087
le450_15a,450,8168,0.08085127444,99,24,15,LEI,15,TabuCol-minimise,15,3.791723852
le450_15c,450,16680,0.1651076466,139,49,15,LEI,15,Greedy (natural order),30,0.001930824999
le450_15c,450,16680,0.1651076466,139,49,15,LEI,15,Welsh-Powell,26,0.002968228
le450_15c,450,16680,0.1651076466,139,49,15,LEI,15,Smallest-last,26,0.005461984001
le450_15c,450,16680,0.1651076466,139,49,15,LEI,15,DSATUR,24,0.020768929
le450_15c,450,16680,0.1651076466,139,49,15,LEI,15,RLF,23,0.116253153
le450_15c,450,16680,0.1651076466,139,49,15,LEI,15,Greedy (random order),30.6,0.0020900123
le450_15c,450,16680,0.1651076466,139,49,15,LEI,15,TabuCol-minimise,17,5.820637039
le450_25a,450,8260,0.08176194011,128,26,25,LEI,25,Greedy (natural order),28,0.001727014
le450_25a,450,8260,0.08176194011,128,26,25,LEI,25,Welsh-Powell,26,0.002920213001
le450_25a,450,8260,0.08176194011,128,26,25,LEI,25,Smallest-last,25,0.004727063
le450_25a,450,8260,0.08176194011,128,26,25,LEI,25,DSATUR,25,0.016136513
le450_25a,450,8260,0.08176194011,128,26,25,LEI,25,RLF,25,0.069384605
le450_25a,450,8260,0.08176194011,128,26,25,LEI,25,Greedy (random order),27.8,0.001234333
le450_25a,450,8260,0.08176194011,128,26,25,LEI,25,TabuCol-minimise,25,9.814018036
le450_25c,450,17343,0.1716703786,179,52,25,LEI,25,Greedy (natural order),37,0.002043508999
le450_25c,450,17343,0.1716703786,179,52,25,LEI,25,Welsh-Powell,29,0.003060437
le450_25c,450,17343,0.1716703786,179,52,25,LEI,25,Smallest-last,31,0.005795359
le450_25c,450,17343,0.1716703786,179,52,25,LEI,25,DSATUR,28,0.023634078
le450_25c,450,17343,0.1716703786,179,52,25,LEI,25,RLF,28,0.127394283
le450_25c,450,17343,0.1716703786,179,52,25,LEI,25,Greedy (random order),35.8,0.0023167437
le450_25c,450,17343,0.1716703786,179,52,25,LEI,25,TabuCol-minimise,27,10.93259945
le450_5a,450,5714,0.05656025736,42,17,5,LEI,5,Greedy (natural order),14,0.0008855300002
le450_5a,450,5714,0.05656025736,42,17,5,LEI,5,Welsh-Powell,11,0.005000235
le450_5a,450,5714,0.05656025736,42,17,5,LEI,5,Smallest-last,11,0.002217130001
le450_5a,450,5714,0.05656025736,42,17,5,LEI,5,DSATUR,10,0.010077413
le450_5a,450,5714,0.05656025736,42,17,5,LEI,5,RLF,8,0.079264364
le450_5a,450,5714,0.05656025736,42,17,5,LEI,5,Greedy (random order),13.1,0.0009363981
le450_5a,450,5714,0.05656025736,42,17,5,LEI,5,TabuCol-minimise,5,27.52742125
miles1500,128,5198,0.6395177165,106,72,73,SGB,73,Greedy (natural order),76,0.0005798830007
miles1500,128,5198,0.6395177165,106,72,73,SGB,73,Welsh-Powell,73,0.0006567159999
miles1500,128,5198,0.6395177165,106,72,73,SGB,73,Smallest-last,73,0.001753212
miles1500,128,5198,0.6395177165,106,72,73,SGB,73,DSATUR,73,0.004805668999
miles1500,128,5198,0.6395177165,106,72,73,SGB,73,RLF,73,0.008624353
miles1500,128,5198,0.6395177165,106,72,73,SGB,73,Greedy (random order),73.8,0.0006145723002
miles1500,128,5198,0.6395177165,106,72,73,SGB,73,TabuCol-minimise,73,5.970024062
miles250,128,387,0.04761318898,16,7,8,SGB,8,Greedy (natural order),9,9.577599849e-05
miles250,128,387,0.04761318898,16,7,8,SGB,8,Welsh-Powell,8,0.0001329829993
miles250,128,387,0.04761318898,16,7,8,SGB,8,Smallest-last,8,0.0003085239987
miles250,128,387,0.04761318898,16,7,8,SGB,8,DSATUR,8,0.000425178001
miles250,128,387,0.04761318898,16,7,8,SGB,8,RLF,8,0.001922399
miles250,128,387,0.04761318898,16,7,8,SGB,8,Greedy (random order),9.3,0.0001246745
miles250,128,387,0.04761318898,16,7,8,SGB,8,TabuCol-minimise,8,0.931482221
miles750,128,2113,0.2599655512,64,31,31,SGB,31,Greedy (natural order),34,0.0002623910004
miles750,128,2113,0.2599655512,64,31,31,SGB,31,Welsh-Powell,32,0.0004544069998
miles750,128,2113,0.2599655512,64,31,31,SGB,31,Smallest-last,31,0.000814985
miles750,128,2113,0.2599655512,64,31,31,SGB,31,DSATUR,31,0.001885751999
miles750,128,2113,0.2599655512,64,31,31,SGB,31,RLF,31,0.004020812999
miles750,128,2113,0.2599655512,64,31,31,SGB,31,Greedy (random order),33.4,0.0003313606003
miles750,128,2113,0.2599655512,64,31,31,SGB,31,TabuCol-minimise,31,2.367634837
mulsol.i.1,197,3925,0.2033046721,121,48,49,REG,49,Greedy (natural order),49,0.0004056300004
mulsol.i.1,197,3925,0.2033046721,121,48,49,REG,49,Welsh-Powell,49,0.000573067
mulsol.i.1,197,3925,0.2033046721,121,48,49,REG,49,Smallest-last,49,0.001161583999
mulsol.i.1,197,3925,0.2033046721,121,48,49,REG,49,DSATUR,49,0.003602699999
mulsol.i.1,197,3925,0.2033046721,121,48,49,REG,49,RLF,49,0.006668303999
mulsol.i.1,197,3925,0.2033046721,121,48,49,REG,49,Greedy (random order),49,0.0004847879998
mulsol.i.1,197,3925,0.2033046721,121,48,49,REG,49,TabuCol-minimise,49,3.51244878
myciel5,47,236,0.2183163737,23,8,2,MYC,6,Greedy (natural order),6,4.71910007e-05
myciel5,47,236,0.2183163737,23,8,2,MYC,6,Welsh-Powell,6,5.632399916e-05
myciel5,47,236,0.2183163737,23,8,2,MYC,6,Smallest-last,6,0.0001198760001
myciel5,47,236,0.2183163737,23,8,2,MYC,6,DSATUR,6,0.000286384
myciel5,47,236,0.2183163737,23,8,2,MYC,6,RLF,6,0.0003777900001
myciel5,47,236,0.2183163737,23,8,2,MYC,6,Greedy (random order),6.1,7.037799987e-05
myciel5,47,236,0.2183163737,23,8,2,MYC,6,TabuCol-minimise,6,0.73196163
myciel6,95,755,0.1690929451,47,12,2,MYC,7,Greedy (natural order),7,0.0001116519998
myciel6,95,755,0.1690929451,47,12,2,MYC,7,Welsh-Powell,7,0.0001274499991
myciel6,95,755,0.1690929451,47,12,2,MYC,7,Smallest-last,7,0.000306928001
myciel6,95,755,0.1690929451,47,12,2,MYC,7,DSATUR,7,0.0007293519993
myciel6,95,755,0.1690929451,47,12,2,MYC,7,RLF,7,0.001218334999
myciel6,95,755,0.1690929451,47,12,2,MYC,7,Greedy (random order),7.2,0.0001351105
myciel6,95,755,0.1690929451,47,12,2,MYC,7,TabuCol-minimise,7,0.921293006
myciel7,191,2360,0.1300633783,95,18,2,MYC,8,Greedy (natural order),8,0.0003055510006
myciel7,191,2360,0.1300633783,95,18,2,MYC,8,Welsh-Powell,8,0.0006641300006
myciel7,191,2360,0.1300633783,95,18,2,MYC,8,Smallest-last,8,0.0009026549997
myciel7,191,2360,0.1300633783,95,18,2,MYC,8,DSATUR,8,0.002048045999
myciel7,191,2360,0.1300633783,95,18,2,MYC,8,RLF,8,0.005289956
myciel7,191,2360,0.1300633783,95,18,2,MYC,8,Greedy (random order),8.7,0.0003570519
myciel7,191,2360,0.1300633783,95,18,2,MYC,8,TabuCol-minimise,8,1.487208067
queen11_11,121,1980,0.2727272727,40,30,11,SGB,11,Greedy (natural order),17,0.0002233180003
queen11_11,121,1980,0.2727272727,40,30,11,SGB,11,Welsh-Powell,17,0.0003263969993
queen11_11,121,1980,0.2727272727,40,30,11,SGB,11,Smallest-last,16,0.0006381860003
queen11_11,121,1980,0.2727272727,40,30,11,SGB,11,DSATUR,14,0.001781384
queen11_11,121,1980,0.2727272727,40,30,11,SGB,11,RLF,14,0.005050977999
queen11_11,121,1980,0.2727272727,40,30,11,SGB,11,Greedy (random order),16.3,0.0002847401
queen11_11,121,1980,0.2727272727,40,30,11,SGB,11,TabuCol-minimise,12,5.407495333
queen13_13,169,3328,0.2344322344,48,36,13,SGB,13,Greedy (natural order),21,0.0004230569994
queen13_13,169,3328,0.2344322344,48,36,13,SGB,13,Welsh-Powell,23,0.000480273
queen13_13,169,3328,0.2344322344,48,36,13,SGB,13,Smallest-last,19,0.0009849679991
queen13_13,169,3328,0.2344322344,48,36,13,SGB,13,DSATUR,17,0.003624433
queen13_13,169,3328,0.2344322344,48,36,13,SGB,13,RLF,16,0.012284415
queen13_13,169,3328,0.2344322344,48,36,13,SGB,13,Greedy (random order),19.5,0.0004289274997
queen13_13,169,3328,0.2344322344,48,36,13,SGB,13,TabuCol-minimise,14,6.944154946
queen8_8,64,728,0.3611111111,27,21,8,SGB,9,Greedy (natural order),13,0.0001000000011
queen8_8,64,728,0.3611111111,27,21,8,SGB,9,Welsh-Powell,13,0.0001268239994
queen8_8,64,728,0.3611111111,27,21,8,SGB,9,Smallest-last,15,0.000293486999
queen8_8,64,728,0.3611111111,27,21,8,SGB,9,DSATUR,13,0.000747737
queen8_8,64,728,0.3611111111,27,21,8,SGB,9,RLF,10,0.001420051001
queen8_8,64,728,0.3611111111,27,21,8,SGB,9,Greedy (random order),12.4,0.0001996849003
queen8_8,64,728,0.3611111111,27,21,8,SGB,9,TabuCol-minimise,9,3.508795943
school1,385,19095,0.2583198052,282,73,14,SCH,,Greedy (natural order),42,0.003288137999
school1,385,19095,0.2583198052,282,73,14,SCH,,Welsh-Powell,32,0.003397758001
school1,385,19095,0.2583198052,282,73,14,SCH,,Smallest-last,15,0.006550719001
school1,385,19095,0.2583198052,282,73,14,SCH,,DSATUR,20,0.02360207
school1,385,19095,0.2583198052,282,73,14,SCH,,RLF,28,0.056154889
school1,385,19095,0.2583198052,282,73,14,SCH,,Greedy (random order),42.5,0.0022285426
school1,385,19095,0.2583198052,282,73,14,SCH,,TabuCol-minimise,14,28.68551663
school1_nsh,352,14612,0.2365319865,232,61,14,SCH,,Greedy (natural order),39,0.002194541999
school1_nsh,352,14612,0.2365319865,232,61,14,SCH,,Welsh-Powell,34,0.002816811
school1_nsh,352,14612,0.2365319865,232,61,14,SCH,,Smallest-last,21,0.004217815
school1_nsh,352,14612,0.2365319865,232,61,14,SCH,,DSATUR,26,0.058329942
school1_nsh,352,14612,0.2365319865,232,61,14,SCH,,RLF,24,0.053770363
school1_nsh,352,14612,0.2365319865,232,61,14,SCH,,Greedy (random order),38.5,0.0018075149
school1_nsh,352,14612,0.2365319865,232,61,14,SCH,,TabuCol-minimise,14,23.33273029
zeroin.i.1,211,4100,0.1850598059,111,48,49,REG,49,Greedy (natural order),49,0.0004682980016
zeroin.i.1,211,4100,0.1850598059,111,48,49,REG,49,Welsh-Powell,49,0.0004876370003
zeroin.i.1,211,4100,0.1850598059,111,48,49,REG,49,Smallest-last,49,0.001239747
zeroin.i.1,211,4100,0.1850598059,111,48,49,REG,49,DSATUR,49,0.004087344001
zeroin.i.1,211,4100,0.1850598059,111,48,49,REG,49,RLF,49,0.006648753
zeroin.i.1,211,4100,0.1850598059,111,48,49,REG,49,Greedy (random order),49.1,0.0004817921003
zeroin.i.1,211,4100,0.1850598059,111,48,49,REG,49,TabuCol-minimise,49,3.808423891
