instance,checkpoints,kerb_colours,dsatur_colours,clique_lb_mean,clique_lb_max,kerb_minus_lb,kerb_minus_dsatur,share_kerb_le_dsatur,lb_violations,edges_mean,max_degree,dsatur_time_s
DSJC125.5,25,16.6,17.6,8.08,9,8.52,-1,0.96,0,3149.4,67,0.00316485396
DSJC250.5,25,26.56,29.32,9.12,10,17.44,-2.76,1,0,12518.16,127,0.01777909644
DSJC500.1,25,12.56,13.16,4.52,5,8.04,-0.6,1,0,9979.68,60,0.0142711746
DSJR500.1,25,8.8,8.84,8.32,10,0.48,-0.04,0.88,0,2871.12,24,0.00314731832
flat300_28_0,25,29.48,33.16,9.12,10,20.36,-3.68,1,0,17355.84,138,0.02496702648
fpsol2.i.1,25,27.44,26.68,16.92,19,10.52,0.76,0.4,0,9356.76,220,0.01426449196
homer,25,9.4,8.72,8.28,11,1.12,0.68,0.4,0,1364.24,96,0.0030620234
inithx.i.1,25,25.4,23.52,15.56,17,9.84,1.88,0.16,0,14931.12,418,0.02152016892
le450_15c,25,18.6,19.08,9.8,11,8.8,-0.48,0.96,0,13334.72,119,0.01857827536
le450_25c,25,21.12,21.48,12.2,13,8.92,-0.36,0.88,0,13849.52,149,0.01861141084
miles750,25,16.16,16.32,12.92,16,3.24,-0.16,0.68,0,1724.64,58,0.0017222772
myciel7,25,6.8,6.92,2,2,4.8,-0.12,0.96,0,1912.24,86,0.00180430104
queen11_11,25,11.84,11.92,8.44,10,3.4,-0.08,0.8,0,1617.2,37,0.00156388564
school1,25,14,26.28,12.24,13,1.76,-12.28,1,0,15250.96,234,0.0202807632
