instance,runs,updates,conflicts,n_none,n_direct,n_chain,n_kempe,n_tabu,n_direct_victim,n_new_colour,n_recompute
DSJC125.5,5,25000,1076,23924,441,351,0,0,90,194,0
DSJC250.5,5,25000,652,24348,234,211,0,0,69,138,0
DSJC500.1,5,25000,939,24061,561,201,0,0,81,96,0
DSJR500.1,5,25000,2457,22543,1918,432,0,0,41,66,0
flat300_28_0,5,25000,614,24386,230,172,0,0,81,131,0
le450_15c,5,25000,964,24036,526,232,0,0,90,116,0
le450_25c,5,25000,1129,23871,654,255,0,0,96,124,0
queen11_11,5,25000,1826,23174,842,664,0,0,158,162,0
myciel7,5,25000,235,24765,172,21,0,0,7,35,0
school1,5,25000,47,24953,44,3,0,0,0,0,0
inithx.i.1,5,25000,1014,23986,838,114,0,0,3,59,0
fpsol2.i.1,5,25000,855,24145,578,148,0,0,8,121,0
miles750,5,25000,2071,22929,1097,638,0,0,49,287,0
homer,5,25000,1524,23476,1154,228,0,0,26,116,0
