instance,k0,colours_KERB-R3,recoloured_KERB-R3,colours_FF-Repair,recoloured_FF-Repair,colours_Tabu-WarmStart,recoloured_Tabu-WarmStart,colours_DSATUR-Recompute,recoloured_DSATUR-Recompute,kerb_vs_tws_pct,kerb_vs_ff_pct,kerb_vs_dsr_pct
DSJC125.5,14,16.61152,0.33256,21.48308,0.01792,14.9718,0.77188,17.6536,14.6044,10.95205653,-22.6762643,-5.90293198
DSJC250.5,24,26.4188,0.25844,32.36288,0.0194,24.66916,0.56136,29.614,23.7584,7.092418226,-18.36696858,-10.78949146
DSJC500.1,11.2,12.56292,0.20484,15.23308,0.0278,11.91464,0.3894,13.2544,56.398,5.441037245,-17.52869413,-5.216984549
DSJR500.1,8.4,8.93144,0.2298,11.59568,0.0574,8.43488,0.35152,8.7932,34.5524,5.886983573,-22.97614284,1.572123914
flat300_28_0,27,29.34468,0.2572,34.68972,0.01844,27.48216,0.50412,33.2196,29.264,6.777196552,-15.4081382,-11.66455948
fpsol2.i.1,24.6,27.14064,0.13316,33.735,0.0378,26.12176,0.25724,26.526,11.9224,3.900502876,-19.54753224,2.317122823
homer,8,9.3022,0.1614,12.0112,0.02812,8.76652,0.26784,8.6652,6.148,6.11052048,-22.55394965,7.351244057
inithx.i.1,22.8,25.226,0.07828,29.96996,0.04604,24.4918,0.11112,23.5128,11.8824,2.997738018,-15.82905016,7.286244088
le450_15c,17,18.64052,0.27184,22.6352,0.03084,17.39104,0.65476,19.0276,33.7168,7.184619206,-17.64808793,-2.034308058
le450_25c,19,21.01752,0.33088,25.55068,0.033,19.85284,0.5484,21.2792,27.3204,5.866566194,-17.74183701,-1.229745479
miles750,14.4,16.26868,0.39336,23.89776,0.03948,15.0296,0.75156,16.1816,12.0736,8.244264651,-31.92382884,0.5381420873
myciel7,6,6.73948,0.0398,7.79412,0.00468,6.1854,0.13964,6.8788,6.8748,8.957868529,-13.5312261,-2.025353259
queen11_11,9.8,11.73116,0.44392,15.4466,0.01984,10.26876,1.48012,11.8564,21.1276,14.24125211,-24.05344866,-1.056307142
school1,14,14,0.002,14.3556,0.00188,14,0.00192,26.3732,15.9916,0,-2.477082114,-46.91580847
