instance,algorithm,mean_colours,max_colours,final_colours,mean_recoloured,max_recoloured,share_updates_recolouring,conflict_rate,new_colour_rate,eliminations,mean_time_us,median_time_us,p95_time_us,max_time_us,max_recolourings_per_vertex,gini_recolourings,n,updates
CollegeMsg,DSATUR-Recompute,4.924831519,8,2,8.263867289,448.3333333,0.3509590461,,,,5892.19187,4812.334,9413.579134,50574.78633,,,1899,32153
CollegeMsg,FF-Repair,9.960947138,10.33333333,10.33333333,0.07113903316,1,0.07113903316,0.07113903316,0.0002902787713,0,3.515446542,2.544333333,8.6382,184.2193333,9,0.5428224341,1899,32153
CollegeMsg,KERB-R1,6.190443608,9,4.333333333,0.1202583481,1,0.1202583481,0.07793985009,0.001492862252,44.66666667,39.60070695,12.22666667,53.70906667,26854.16467,22.66666667,0.6476746687,1899,32153
CollegeMsg,KERB-R10,5.165852849,7.333333333,2.666666667,0.1481251102,10,0.095004095,0.09076395152,0.0007360640272,22,162.6667603,5.326333333,29.0316,56301.84767,23,0.6221204161,1899,32153
CollegeMsg,KERB-R2,5.539140982,7.666666667,3.333333333,0.1516810251,2,0.1197607274,0.08643050415,0.00182460942,56.33333333,92.74249759,7.693666667,84.37753333,47195.53233,26,0.6375991658,1899,32153
CollegeMsg,KERB-R3,5.488103754,8,3,0.1640075058,3,0.1145771779,0.09066028053,0.001555064846,48,112.0333249,6.099,102.8703333,41869.747,29,0.6280166553,1899,32153
CollegeMsg,KERB-R5,5.252594367,7,3,0.1626079474,5,0.1059102831,0.09394665091,0.001244051877,37.66666667,130.0220773,5.773666667,55.2916,63059.627,30,0.6231959003,1899,32153
CollegeMsg,Tabu-WarmStart,4.850879648,7,2,0.2341305632,373.3333333,0.0950766647,0.09452720845,0.0006220259385,19,840.9997662,3.147333333,43.06513333,109095.2693,29.66666667,0.5803661442,1899,32153
SFHH-conf,DSATUR-Recompute,7.519565217,11,5,9.663043478,213.6666667,0.4507246377,,,,1653.111619,1321.065167,3391.6899,22333,,,403,23027
SFHH-conf,FF-Repair,13.09174737,15.33333333,15.33333333,0.06919413442,1,0.06919413442,0.06919413442,0.0006224576946,0,2.35493968,1.716333333,5.962033333,613.0853333,14,0.3263174151,403,23027
SFHH-conf,KERB-R1,8.603031224,13.33333333,6.666666667,0.140675439,1,0.140675439,0.09022741419,0.002793821745,58.66666667,47.14766765,11.55733333,48.1056,18983.10733,28.33333333,0.337361094,403,23027
SFHH-conf,KERB-R10,7.666753521,11,5,0.1613178732,10,0.1019817316,0.0957716304,0.001881848844,39.33333333,333.4804468,6.321333333,3085.625767,47269.33833,32,0.3335092399,403,23027
SFHH-conf,KERB-R2,8.073855329,12.66666667,6.333333333,0.1678753927,2,0.1321347404,0.09480175446,0.002750394464,58,85.14799715,6.417,105.9926667,44780.55,32.33333333,0.3448310851,403,23027
SFHH-conf,KERB-R3,7.833383998,11.33333333,6,0.1686281322,3,0.1191210318,0.09564134856,0.002446403497,51,114.9252649,5.427666667,141.8824,38325.89833,33,0.3466434021,403,23027
SFHH-conf,KERB-R5,7.694402223,11,6,0.1691058323,5,0.1098565452,0.09756662469,0.001925276125,39.33333333,166.8244714,5.404,220.4304,42549.921,33.33333333,0.3422315627,403,23027
SFHH-conf,Tabu-WarmStart,7.379308348,11,5,0.2634009351,142.6666667,0.09228297216,0.09061825972,0.002084509489,44,572.7239368,2.364,31.7088,104425.8653,45.66666667,0.3213491515,403,23027
email-Eu-core-temporal,DSATUR-Recompute,6.562634867,10,5,10.64622374,430,0.4135150483,,,,3231.36847,2836.989999,4738.576,53258.187,,,986,146777
email-Eu-core-temporal,FF-Repair,12.23159169,13.33333333,13.33333333,0.04924931472,1,0.04924931472,0.04924931472,8.402769735e-05,0,2.796127536,2.068,6.499666667,1338.470333,35,0.489434904,986,146777
email-Eu-core-temporal,KERB-R1,7.577386103,11,6.666666667,0.1322232593,1,0.1322232593,0.08462270428,0.001998496586,287.6666667,52.95398458,13.53166667,46.9776,31101.66733,96.66666667,0.5698062578,986,146777
email-Eu-core-temporal,KERB-R10,6.688239075,10,5,0.1332565729,10,0.09204439388,0.08861061338,0.0008629871619,122.6666667,181.4912784,5.483,45.66573333,46804.02267,92,0.5635862995,986,146777
email-Eu-core-temporal,KERB-R2,7.062232729,10.66666667,6,0.1516313864,2,0.120852268,0.08866738885,0.00198941251,287,93.179473,6.069666667,83.03986667,47809.71233,120.3333333,0.5820035937,986,146777
email-Eu-core-temporal,KERB-R3,6.909129723,10,6,0.1489583972,3,0.1079074605,0.08841530576,0.001505685496,216,99.55758295,5.419,92.58586667,47219.82233,114.3333333,0.5806937322,986,146777
email-Eu-core-temporal,KERB-R5,6.752879084,10,5.666666667,0.1386116353,5,0.09603003195,0.08784528003,0.001071920896,152.6666667,111.2018806,5.203666667,38.89686667,61487.22267,99.33333333,0.5710748702,986,146777
email-Eu-core-temporal,Tabu-WarmStart,6.468504375,10,5.333333333,0.2058269802,206,0.08760455203,0.08661665883,0.001099173122,157,611.5802452,2.921666667,36.71193333,112475.4577,154.3333333,0.5759406006,986,146777
high-school-2013,DSATUR-Recompute,5.792079208,9,5,6.726622662,165.6666667,0.5594059406,,,,900.1226738,856.5178332,1428.670834,4625.165,,,327,30318
high-school-2013,FF-Repair,10.6433252,11.33333333,11.33333333,0.06865008686,1,0.06865008686,0.06865008686,0.0003408316292,0,2.346361952,1.690333333,5.908483333,143.6313333,16.33333333,0.2768565963,327,30318
high-school-2013,KERB-R1,6.487147349,9.666666667,5.666666667,0.1719440596,1,0.1719440596,0.1235569629,0.00367218594,106.6666667,58.4507782,7.913,34.8282,18837.319,41,0.2873039186,327,30318
high-school-2013,KERB-R10,5.856839721,9,5,0.1927567782,10,0.1368384018,0.1323965961,0.001891065813,53.33333333,254.365012,5.524666667,1397.406517,35072.03533,44,0.2733822952,327,30318
high-school-2013,KERB-R2,6.151780021,9.666666667,5,0.1896453152,2,0.1574862018,0.128548497,0.002770631308,80,76.50279593,4.729,61.26353333,21467.33467,44,0.2945977807,327,30318
high-school-2013,KERB-R3,6.018580821,9,5,0.1863139609,3,0.1431602788,0.1262506322,0.002198913737,62.33333333,82.50983646,4.563166667,53.215,29024.407,42,0.2847124156,327,30318
high-school-2013,KERB-R5,5.962508521,8.333333333,5,0.1869626405,5,0.1377949293,0.1294500517,0.001704158146,47.66666667,103.7187136,4.7865,59.04093333,37625.242,39,0.2798910165,327,30318
high-school-2013,Tabu-WarmStart,5.720309167,8,5,0.2386041296,78.66666667,0.1238098379,0.1220836907,0.001979022363,56,377.3906732,2.513666667,30.40701667,71193.047,55.66666667,0.279153574,327,30318
primary-school,DSATUR-Recompute,10.94483403,15,12,9.561944834,167.6666667,0.427769986,,,,1682.865769,1643.486,2435.0106,5796.608666,,,242,35654
primary-school,FF-Repair,18.076027,21,21,0.04998036686,1,0.04998036686,0.04998036686,0.0005609468783,0,2.396923038,1.675,5.7366,1048.532667,20.33333333,0.262723469,242,35654
primary-school,KERB-R1,12.10271872,16.66666667,13,0.1365905649,1,0.1365905649,0.0813653447,0.004842841383,160.6666667,58.2791316,15.71583333,58.31045,27899.62267,43,0.2212990125,242,35654
primary-school,KERB-R10,10.8014809,14,11.33333333,0.1745479703,10,0.09804416522,0.08907836428,0.002851479965,91.33333333,513.8775049,8.143333333,4067.94825,46779.75567,53,0.2181528362,242,35654
primary-school,KERB-R2,11.28146445,15.33333333,12.33333333,0.17550158,2,0.1307847647,0.08370262336,0.003851835231,126,116.3485473,7.782833333,176.6888833,31894.68367,55,0.2338605518,242,35654
primary-school,KERB-R3,10.90782708,14.33333333,12,0.1958265552,3,0.1218002655,0.08594641087,0.003393728614,109.6666667,174.0311332,6.324166667,390.71715,42015.76033,58.66666667,0.2366287404,242,35654
primary-school,KERB-R5,10.74432041,14,11.66666667,0.2008002842,5,0.1079261794,0.08753576036,0.002879527309,92,300.3594686,6.29,1448.047467,41244.644,60,0.2363675278,242,35654
primary-school,Tabu-WarmStart,10.3938969,14,11,0.3062022027,103,0.08539481311,0.08293599596,0.002888876423,93,657.1293079,2.370333333,38.99323333,94829.30533,93.66666667,0.2526772104,242,35654
