experiment,instance,seed,algorithm,budget,n,window_s,updates_total,updates,samples,mean_colours,max_colours,final_colours,mean_recoloured,max_recoloured,total_recoloured,share_updates_recolouring,mean_time_us,median_time_us,p95_time_us,max_time_us,wall_s,file,conflict_rate,new_colour_rate,eliminations,max_recolourings_per_vertex,gini_recolourings,ks_plans,ks_plans_found,ks_migrations_done,ks_migrations_abandoned,ks_plans_stale,ks_plans_skipped,ks_planned_moves,ks_tabu_iterations,ks_search_nodes
E3,CollegeMsg,0,DSATUR-Recompute,,1899,604800,32153,32153,643,4.922239502,8,2,7.65940902,478,,0.3576982893,5729.206582,4803.659,9342.795601,43930.33,7.476252782,CollegeMsg__DSATUR-Recompute__s0.json,,,,,,,,,,,,,,
E3,CollegeMsg,1,DSATUR-Recompute,,1899,604800,32153,32153,643,4.920684292,8,2,7.623639191,378,,0.3545878694,5920.679523,4655.479001,9551.393101,57331.424,7.388595411,CollegeMsg__DSATUR-Recompute__s1.json,,,,,,,,,,,,,,
E3,CollegeMsg,2,DSATUR-Recompute,,1899,604800,32153,32153,643,4.931570762,8,2,9.508553655,489,,0.3405909798,6026.689505,4977.864,9346.548701,50462.605,7.800022127,CollegeMsg__DSATUR-Recompute__s2.json,,,,,,,,,,,,,,
E3,CollegeMsg,0,FF-Repair,,1899,604800,32153,32153,,9.705875035,10,10,0.07103536217,1,2284,0.07103536217,3.487769819,2.506,8.786,117.679,2.280913005,CollegeMsg__FF-Repair__s0.json,0.07103536217,0.0002799116723,0,9,0.5453132767,,,,,,,,,
E3,CollegeMsg,1,FF-Repair,,1899,604800,32153,32153,,10.53108575,11,11,0.07461201132,1,2399,0.07461201132,3.464821852,2.523,8.4528,345.01,2.19572197,CollegeMsg__FF-Repair__s1.json,0.07461201132,0.0003110129692,0,10,0.5215860303,,,,,,,,,
E3,CollegeMsg,2,FF-Repair,,1899,604800,32153,32153,,9.645880633,10,10,0.067769726,1,2179,0.067769726,3.593747955,2.604,8.6758,89.969,2.311425839,CollegeMsg__FF-Repair__s2.json,0.067769726,0.0002799116723,0,8,0.5615679951,,,,,,,,,
E3,CollegeMsg,0,KERB-R10,10,1899,604800,32153,32153,,5.195285043,8,2,0.1574658663,10,5063,0.09896432681,158.2154796,5.259,27.9908,63570.987,7.308635862,CollegeMsg__KERB-R10__s0.json,0.09414362579,0.0008708363139,27,24,0.6155704058,148,25,24,1,0,0,1189,122434,328740
E3,CollegeMsg,1,KERB-R10,10,1899,604800,32153,32153,,5.108419121,7,3,0.1480421734,10,4760,0.09184212982,160.7171747,5.388,30.5694,59811.587,7.362902787,CollegeMsg__KERB-R10__s1.json,0.08733244176,0.0007153298293,21,26,0.6225554361,140,21,19,2,0,0,1062,122864,367515
E3,CollegeMsg,2,KERB-R10,10,1899,604800,32153,32153,,5.193854384,7,3,0.1388672908,10,4465,0.09420582838,169.0676268,5.332,28.5346,45522.969,7.592382953,CollegeMsg__KERB-R10__s2.json,0.09081578702,0.0006220259385,18,19,0.6282354065,124,18,16,2,0,0,734,109235,455041
E3,CollegeMsg,0,KERB-R1,1,1899,604800,32153,32153,,6.154573446,9,4,0.1247162007,1,4010,0.1247162007,37.51027111,14.315,54.3224,30813.891,3.442972468,CollegeMsg__KERB-R1__s0.json,0.07825086306,0.001555064846,47,24,0.6391572412,208,182,42,140,0,33,1486,36965,1124
E3,CollegeMsg,1,KERB-R1,1,1899,604800,32153,32153,,6.128168445,9,4,0.1206419308,1,3879,0.1206419308,40.77977514,13.098,53.185,21351.953,3.491128278,CollegeMsg__KERB-R1__s1.json,0.07672689951,0.001430659659,43,21,0.6499927168,206,176,41,135,0,27,1409,42143,815
E3,CollegeMsg,2,KERB-R1,1,1899,604800,32153,32153,,6.288588934,9,5,0.1154169129,1,3711,0.1154169129,40.51207461,9.267,53.6198,28396.65,3.459766588,CollegeMsg__KERB-R1__s2.json,0.0788417877,0.001492862252,44,23,0.6538740482,188,154,37,117,0,35,1169,46253,995
E3,CollegeMsg,0,KERB-R2,2,1899,604800,32153,32153,,5.581998569,8,3,0.1503747706,2,4835,0.1203931204,95.65783625,6.446,67.707,43522.193,5.311033641,CollegeMsg__KERB-R2__s0.json,0.08913631698,0.002052685597,64,26,0.6281782226,234,119,58,61,0,34,1668,126014,11623
E3,CollegeMsg,1,KERB-R2,2,1899,604800,32153,32153,,5.55755295,8,4,0.1516810251,2,4877,0.1192734737,91.32326389,7.046,82.6776,50059.825,5.234372401,CollegeMsg__KERB-R2__s1.json,0.08615059248,0.001897179112,58,26,0.647849256,223,117,53,64,0,36,1758,120333,15573
E3,CollegeMsg,2,KERB-R2,2,1899,604800,32153,32153,,5.477871427,7,3,0.1529872796,2,4919,0.119615588,91.24639262,9.589,102.748,48004.579,5.254772419,CollegeMsg__KERB-R2__s2.json,0.08400460299,0.001523963549,47,26,0.6367700187,225,134,42,92,0,25,1862,103897,18557
E3,CollegeMsg,0,KERB-R3,3,1899,604800,32153,32153,,5.562124841,8,3,0.1607315025,3,5168,0.1137374429,109.1134979,6.511,108.4094,47602.019,5.779416306,CollegeMsg__KERB-R3__s0.json,0.0909712935,0.001368457065,42,24,0.6348247081,227,95,37,58,0,0,1743,142801,33480
E3,CollegeMsg,1,KERB-R3,3,1899,604800,32153,32153,,5.435355954,8,3,0.1630952011,3,5244,0.1118402637,116.1636057,5.941,106.6532,34835.988,5.939792152,CollegeMsg__KERB-R3__s1.json,0.08652380804,0.001710571331,53,29,0.6268882133,259,99,49,50,0,0,1927,170863,31582
E3,CollegeMsg,2,KERB-R3,3,1899,604800,32153,32153,,5.466830467,8,3,0.1681958138,3,5408,0.118153827,110.8228712,5.845,93.5484,43171.234,5.850668364,CollegeMsg__KERB-R3__s2.json,0.09448574006,0.001586166143,49,34,0.6223370444,217,77,45,32,0,1,1822,152563,29154
E3,CollegeMsg,0,KERB-R5,5,1899,604800,32153,32153,,5.255186141,7,3,0.1659565204,5,5336,0.1071128666,137.723783,5.677,71.7506,63717.799,6.781317551,CollegeMsg__KERB-R5__s0.json,0.09523217118,0.001306254471,39,31,0.6267071835,196,54,34,20,0,0,1423,151553,92491
E3,CollegeMsg,1,KERB-R5,5,1899,604800,32153,32153,,5.186732187,7,3,0.1651478867,5,5310,0.1078592977,122.4777036,5.636,43.5008,65730.19,6.179677484,CollegeMsg__KERB-R5__s1.json,0.09554318415,0.00121295058,37,28,0.616794844,180,43,33,10,0,2,1414,143668,65743
E3,CollegeMsg,2,KERB-R5,5,1899,604800,32153,32153,,5.315864772,7,3,0.1567194352,5,5039,0.102758685,129.8647451,6.008,50.6234,59730.892,6.526287819,CollegeMsg__KERB-R5__s2.json,0.09106459739,0.00121295058,37,31,0.6260856734,180,42,32,10,0,3,1390,144874,66719
E3,CollegeMsg,0,Tabu-WarmStart,,1899,604800,32153,32153,,4.821665163,7,2,0.2396976954,384,7707,0.09737816067,848.7525029,3.177,44.2192,105452.914,29.50544739,CollegeMsg__Tabu-WarmStart__s0.json,0.09684943862,0.0006220259385,19,29,0.5721133404,,,,,,,,,
E3,CollegeMsg,1,Tabu-WarmStart,,1899,604800,32153,32153,,4.83957951,7,2,0.2259509222,369,7265,0.08950953255,826.7767419,3.159,41.8492,123397.902,28.77057639,CollegeMsg__Tabu-WarmStart__s1.json,0.08891860791,0.0006531272354,20,28,0.5910486448,,,,,,,,,
E3,CollegeMsg,2,Tabu-WarmStart,,1899,604800,32153,32153,,4.891394271,7,2,0.2367430722,367,7612,0.09834230087,847.4700537,3.106,43.127,98434.992,29.46717222,CollegeMsg__Tabu-WarmStart__s2.json,0.09781357883,0.0005909246416,18,32,0.5779364475,,,,,,,,,
E3,SFHH-conf,0,DSATUR-Recompute,,403,3600,23027,23027,460,7.517391304,11,5,9.091304348,208,,0.4608695652,1697.397257,1392.2265,3458.78245,28951.787,1.568957308,SFHH-conf__DSATUR-Recompute__s0.json,,,,,,,,,,,,,,
E3,SFHH-conf,1,DSATUR-Recompute,,403,3600,23027,23027,460,7.526086957,11,5,9.92173913,199,,0.4347826087,1562.116991,1225.2755,3345.72615,7307.823,1.501513892,SFHH-conf__DSATUR-Recompute__s1.json,,,,,,,,,,,,,,
E3,SFHH-conf,2,DSATUR-Recompute,,403,3600,23027,23027,460,7.515217391,11,5,9.976086957,234,,0.4565217391,1699.820609,1345.6935,3370.5611,30739.39,1.561156372,SFHH-conf__DSATUR-Recompute__s2.json,,,,,,,,,,,,,,
E3,SFHH-conf,0,FF-Repair,,403,3600,23027,23027,,13.51417901,16,16,0.06983106788,1,1608,0.06983106788,2.299934903,1.694,5.9904,62.279,0.393471796,SFHH-conf__FF-Repair__s0.json,0.06983106788,0.0006514092153,0,12,0.3153370863,,,,,,,,,
E3,SFHH-conf,1,FF-Repair,,403,3600,23027,23027,,13.08542146,15,15,0.06770313111,1,1559,0.06770313111,2.507150085,1.734,6.088,1714.364,0.40573199,SFHH-conf__FF-Repair__s1.json,0.06770313111,0.0006079819343,0,14,0.3283583515,,,,,,,,,
E3,SFHH-conf,2,FF-Repair,,403,3600,23027,23027,,12.67564164,15,15,0.07004820428,1,1613,0.07004820428,2.257734051,1.721,5.8077,62.613,0.383143596,SFHH-conf__FF-Repair__s2.json,0.07004820428,0.0006079819343,0,16,0.3352568077,,,,,,,,,
E3,SFHH-conf,0,KERB-R10,10,403,3600,23027,23027,,7.628349329,11,5,0.1582055847,10,3643,0.1000130282,323.0170968,6.245,2737.1979,63043.14,7.869347274,SFHH-conf__KERB-R10__s0.json,0.09406349068,0.001867373084,39,34,0.3337281669,156,32,24,8,0,0,696,131725,1081518
E3,SFHH-conf,1,KERB-R10,10,403,3600,23027,23027,,7.643548877,11,5,0.1611586399,10,3711,0.1012724193,341.6935082,6.366,3177.2671,44923.11,8.276858622,SFHH-conf__KERB-R10__s1.json,0.09501889087,0.001954227646,41,30,0.3334369753,157,37,27,10,0,0,746,130081,1172689
E3,SFHH-conf,2,KERB-R10,10,403,3600,23027,23027,,7.728362357,11,5,0.1645893951,10,3790,0.1046597473,335.7307353,6.353,3342.4123,33841.765,8.115919226,SFHH-conf__KERB-R10__s2.json,0.09823250966,0.001823945803,38,32,0.3333625775,165,39,25,14,0,0,763,135578,1255506
E3,SFHH-conf,0,KERB-R1,1,403,3600,23027,23027,,8.627611065,13,8,0.1357971077,1,3127,0.1357971077,50.86927194,11.09,54.0981,16413.212,1.565845731,SFHH-conf__KERB-R1__s0.json,0.0878533895,0.002822773266,58,27,0.3353058013,214,142,51,89,2,0,1093,77793,1871
E3,SFHH-conf,1,KERB-R1,1,403,3600,23027,23027,,8.641290659,13,6,0.1381856082,1,3182,0.1381856082,41.358633,10.695,44.8117,18343.266,1.308218891,SFHH-conf__KERB-R1__s1.json,0.09184869935,0.002692491423,57,31,0.3384219236,202,143,51,90,2,0,1055,65489,2703
E3,SFHH-conf,2,KERB-R1,1,403,3600,23027,23027,,8.540191949,14,6,0.148043601,1,3409,0.148043601,49.21509802,12.887,45.407,22192.844,1.494754206,SFHH-conf__KERB-R1__s2.json,0.09098015373,0.002866200547,61,27,0.3383555571,210,144,55,88,0,0,1305,72955,2075
E3,SFHH-conf,0,KERB-R2,2,403,3600,23027,23027,,8.035653798,12,7,0.1611152126,2,3710,0.1279801972,86.3783624,6.071,95.9171,46111.519,2.392331157,SFHH-conf__KERB-R2__s0.json,0.09384635428,0.002649064142,55,33,0.347167136,189,85,45,39,1,0,1246,111737,24955
E3,SFHH-conf,1,KERB-R2,2,403,3600,23027,23027,,8.064967212,12,5,0.178182134,2,4103,0.1392712902,86.60662509,6.749,110.8522,58631.861,2.412989666,SFHH-conf__KERB-R2__s1.json,0.09892734616,0.002692491423,58,30,0.3443815546,195,95,48,47,0,0,1458,111821,25775
E3,SFHH-conf,2,KERB-R2,2,403,3600,23027,23027,,8.120944978,14,7,0.1643288314,2,3784,0.1291527337,82.45900395,6.431,111.2087,29598.27,2.272650417,SFHH-conf__KERB-R2__s2.json,0.09163156295,0.002909627828,61,34,0.3429445648,196,95,53,42,0,0,1311,111523,31988
E3,SFHH-conf,0,KERB-R3,3,403,3600,23027,23027,,7.821644157,11,6,0.1668041864,3,3841,0.1173839406,120.710342,5.512,156.6746,36278.919,3.207631506,SFHH-conf__KERB-R3__s0.json,0.09388978156,0.002518782299,53,31,0.3345411884,190,61,42,17,1,0,1124,137387,81905
E3,SFHH-conf,1,KERB-R3,3,403,3600,23027,23027,,7.829070222,12,7,0.1643288314,3,3784,0.117601077,114.4821397,5.569,125.8497,37636.979,3.054819909,SFHH-conf__KERB-R3__s1.json,0.09519259999,0.002388500456,49,32,0.3492516486,181,57,41,16,0,0,1088,133146,78981
E3,SFHH-conf,2,KERB-R3,3,403,3600,23027,23027,,7.849437617,11,5,0.1747513788,3,4024,0.1223780779,109.5833131,5.202,143.1229,41061.797,2.921386517,SFHH-conf__KERB-R3__s2.json,0.09784166413,0.002431927737,51,36,0.3561373693,182,61,43,18,0,0,1186,131147,85343
E3,SFHH-conf,0,KERB-R5,5,403,3600,23027,23027,,7.712381118,11,7,0.1647631042,5,3794,0.1079602206,160.7593873,5.108,200.9089,40643.028,4.074196173,SFHH-conf__KERB-R5__s0.json,0.09619142745,0.001780518522,35,32,0.3406750374,162,36,28,8,0,0,891,135353,339604
E3,SFHH-conf,1,KERB-R5,5,403,3600,23027,23027,,7.688278977,11,6,0.1773135884,5,4083,0.1118686759,181.8825905,6.092,285.7988,45945.502,4.599334859,SFHH-conf__KERB-R5__s1.json,0.09857992791,0.00212793677,44,34,0.340710651,180,47,38,8,0,0,1040,141399,393271
E3,SFHH-conf,2,KERB-R5,5,403,3600,23027,23027,,7.682546576,11,5,0.1652408043,5,3805,0.1097407391,157.8314364,5.012,174.5835,41061.233,4.001038384,SFHH-conf__KERB-R5__s2.json,0.0979285187,0.001867373084,39,34,0.3453089998,165,38,32,6,0,0,830,132953,385187
E3,SFHH-conf,0,Tabu-WarmStart,,403,3600,23027,23027,,7.361314978,11,5,0.2681634603,131,6175,0.09263039041,576.0032722,2.426,33.2019,106258.054,13.63940239,SFHH-conf__Tabu-WarmStart__s0.json,0.09111043558,0.001954227646,41,47,0.33827669,,,,,,,,,
E3,SFHH-conf,1,Tabu-WarmStart,,403,3600,23027,23027,,7.396881921,11,5,0.2594780041,148,5975,0.0928909541,562.0125857,2.284,29.5327,87516.671,13.30648562,SFHH-conf__Tabu-WarmStart__s1.json,0.09106700829,0.002301645894,49,49,0.3120346356,,,,,,,,,
E3,SFHH-conf,2,Tabu-WarmStart,,403,3600,23027,23027,,7.379728145,11,5,0.262561341,149,6046,0.09132757198,580.1559524,2.382,32.3918,119502.871,13.73900826,SFHH-conf__Tabu-WarmStart__s2.json,0.0896773353,0.001997654927,42,41,0.3137361289,,,,,,,,,
E3,email-Eu-core-temporal,0,DSATUR-Recompute,,986,604800,146777,146777,2935,6.561499148,10,5,10.38977853,431,,0.4071550256,3198.286134,2786.666999,4753.156601,54448.695,19.1199004,email-Eu-core-temporal__DSATUR-Recompute__s0.json,,,,,,,,,,,,,,
E3,email-Eu-core-temporal,1,DSATUR-Recompute,,986,604800,146777,146777,2935,6.563202726,10,5,11.08313458,434,,0.4228279387,3296.965148,2888.895999,4947.769999,52813.3,19.67617955,email-Eu-core-temporal__DSATUR-Recompute__s1.json,,,,,,,,,,,,,,
E3,email-Eu-core-temporal,2,DSATUR-Recompute,,986,604800,146777,146777,2935,6.563202726,10,5,10.46575809,425,,0.4105621806,3198.854128,2835.407,4514.801399,52512.566,18.97121893,email-Eu-core-temporal__DSATUR-Recompute__s2.json,,,,,,,,,,,,,,
E3,email-Eu-core-temporal,0,FF-Repair,,986,604800,146777,146777,,12.58782371,14,14,0.04901994182,1,7195,0.04901994182,2.749192476,2.021,6.402,2126.957,5.467945751,email-Eu-core-temporal__FF-Repair__s0.json,0.04901994182,8.856973504e-05,0,36,0.4927992591,,,,,,,,,
E3,email-Eu-core-temporal,1,FF-Repair,,986,604800,146777,146777,,11.75578599,13,13,0.04928565102,1,7234,0.04928565102,2.735195085,2.073,6.429,243.544,5.344273081,email-Eu-core-temporal__FF-Repair__s1.json,0.04928565102,8.17566785e-05,0,33,0.4937238564,,,,,,,,,
E3,email-Eu-core-temporal,2,FF-Repair,,986,604800,146777,146777,,12.35116537,13,13,0.04944235132,1,7257,0.04944235132,2.903995047,2.11,6.668,1644.91,5.745736733,email-Eu-core-temporal__FF-Repair__s2.json,0.04944235132,8.17566785e-05,0,36,0.4817815966,,,,,,,,,
E3,email-Eu-core-temporal,0,KERB-R10,10,986,604800,146777,146777,,6.695286046,10,5,0.1356070774,10,19904,0.0924327381,186.5953063,5.477,50.8324,47623.677,32.7535452,email-Eu-core-temporal__KERB-R10__s0.json,0.08885588341,0.0008584451242,122,96,0.5648308636,687,105,90,15,0,0,3188,603359,3353483
E3,email-Eu-core-temporal,1,KERB-R10,10,986,604800,146777,146777,,6.681728064,10,5,0.1332906382,10,19564,0.09232372919,186.3335769,5.543,46.5014,51357.153,32.76314049,email-Eu-core-temporal__KERB-R10__s1.json,0.08891720092,0.0008856973504,126,90,0.5625823479,712,107,89,18,0,0,2874,625675,3306740
E3,email-Eu-core-temporal,2,KERB-R10,10,986,604800,146777,146777,,6.687703114,10,5,0.1308720031,10,19209,0.09137671434,171.5449519,5.429,39.6634,41431.238,30.55479276,email-Eu-core-temporal__KERB-R10__s2.json,0.0880587558,0.0008448190112,120,90,0.563345687,673,92,82,10,0,0,2797,601884,3003283
E3,email-Eu-core-temporal,0,KERB-R1,1,986,604800,146777,146777,,7.58509167,11,6,0.1314306737,1,19291,0.1314306737,52.09227156,13.525,47.007,32540.139,13.04643387,email-Eu-core-temporal__KERB-R1__s0.json,0.08439333138,0.002016664736,291,101,0.5697013384,1296,907,270,637,0,3,6864,432543,7918
E3,email-Eu-core-temporal,1,KERB-R1,1,986,604800,146777,146777,,7.568515503,11,7,0.1322823058,1,19416,0.1322823058,53.97511491,13.465,48.4028,30819.522,13.30416,email-Eu-core-temporal__KERB-R1__s1.json,0.08418893968,0.001968973341,283,95,0.5680798171,1307,922,274,648,0,3,7019,439656,8168
E3,email-Eu-core-temporal,2,KERB-R1,1,986,604800,146777,146777,,7.578551135,11,7,0.1329567984,1,19515,0.1329567984,52.79456728,13.605,45.523,29945.341,13.17042807,email-Eu-core-temporal__KERB-R1__s2.json,0.08528584179,0.00200985168,289,94,0.5716376179,1278,896,271,624,0,7,6950,431515,7719
E3,email-Eu-core-temporal,0,KERB-R2,2,986,604800,146777,146777,,7.043739823,11,6,0.1506366801,2,22110,0.1201823174,92.71354797,6.084,81.0034,59058.655,19.04945076,email-Eu-core-temporal__KERB-R2__s0.json,0.08844028697,0.001975786397,285,120,0.5794883227,1217,518,259,258,1,0,7433,752843,96053
E3,email-Eu-core-temporal,1,KERB-R2,2,986,604800,146777,146777,,7.054116108,10,6,0.1481294753,2,21742,0.1185880622,92.82152979,5.761,78.3596,46626.114,19.00602625,email-Eu-core-temporal__KERB-R2__s1.json,0.08786117716,0.001907655832,275,112,0.578015779,1244,520,258,261,0,0,7164,786398,97686
E3,email-Eu-core-temporal,2,KERB-R2,2,986,604800,146777,146777,,7.088842257,11,6,0.1561280037,2,22916,0.1237864243,94.00334123,6.364,89.7566,37744.368,19.12356561,email-Eu-core-temporal__KERB-R2__s2.json,0.08970070243,0.002084795302,301,129,0.5885066795,1272,598,282,315,0,0,7838,740419,109059
E3,email-Eu-core-temporal,0,KERB-R3,3,986,604800,146777,146777,,6.908159998,10,6,0.1496351608,3,21963,0.1081504595,95.81754107,5.319,91.1486,57545.998,19.3787674,email-Eu-core-temporal__KERB-R3__s0.json,0.08847435225,0.00143755493,206,111,0.5813794433,1025,318,186,132,0,0,6086,758494,208563
E3,email-Eu-core-temporal,1,KERB-R3,3,986,604800,146777,146777,,6.919456046,10,6,0.1487085851,3,21827,0.1078302459,101.1386994,5.554,95.3034,47252.028,20.16340891,email-Eu-core-temporal__KERB-R3__s1.json,0.08856292198,0.001519311609,218,113,0.5811945419,1074,348,200,148,0,0,6105,778433,219731
E3,email-Eu-core-temporal,2,KERB-R3,3,986,604800,146777,146777,,6.899773125,10,6,0.1485314457,3,21801,0.1077416761,101.7165084,5.384,91.3056,36861.441,20.36781634,email-Eu-core-temporal__KERB-R3__s2.json,0.08820864304,0.001560189948,224,119,0.5795072113,1087,329,209,120,0,0,6091,808150,214458
E3,email-Eu-core-temporal,0,KERB-R5,5,986,604800,146777,146777,,6.755908623,10,5,0.1312058429,5,19258,0.09308679153,110.4200765,5.264,34.178,62499.921,21.81258255,email-Eu-core-temporal__KERB-R5__s0.json,0.08607615635,0.0009606409724,137,93,0.5632536053,784,135,117,18,0,0,3543,675146,682678
E3,email-Eu-core-temporal,1,KERB-R5,5,986,604800,146777,146777,,6.747419555,10,6,0.143517036,5,21065,0.09818977088,116.6192059,5.13,42.0372,52891.994,22.43990245,email-Eu-core-temporal__KERB-R5__s1.json,0.08922378847,0.001144593499,163,103,0.5766002458,861,175,145,30,0,0,4457,719881,749627
E3,email-Eu-core-temporal,2,KERB-R5,5,986,604800,146777,146777,,6.755309074,10,6,0.1411120271,5,20712,0.09681353346,106.5663594,5.217,40.4754,69069.753,20.97793504,email-Eu-core-temporal__KERB-R5__s2.json,0.08823589527,0.001110528216,158,102,0.5733707596,832,162,138,24,0,0,4216,702721,668975
E3,email-Eu-core-temporal,0,Tabu-WarmStart,,986,604800,146777,146777,,6.462763239,10,5,0.2097331326,213,30784,0.08764997241,604.0459821,2.929,36.6946,127634.18,94.03455425,email-Eu-core-temporal__Tabu-WarmStart__s0.json,0.0866007617,0.001165032669,167,165,0.5755462784,,,,,,,,,
E3,email-Eu-core-temporal,1,Tabu-WarmStart,,986,604800,146777,146777,,6.464112225,10,5,0.2036286339,208,29888,0.08779304659,623.3071659,2.898,36.5932,107343.999,96.87208857,email-Eu-core-temporal__Tabu-WarmStart__s1.json,0.08684603174,0.001042397651,149,147,0.5756456966,,,,,,,,,
E3,email-Eu-core-temporal,2,Tabu-WarmStart,,986,604800,146777,146777,,6.478637661,10,6,0.204119174,197,29960,0.08737063709,607.3875876,2.938,36.848,102448.194,94.7018316,email-Eu-core-temporal__Tabu-WarmStart__s2.json,0.08640318306,0.001090089047,155,151,0.5766298269,,,,,,,,,
E3,high-school-2013,0,DSATUR-Recompute,,327,3600,30318,30318,606,5.793729373,9,5,6.198019802,148,,0.5610561056,873.4017228,850.7655002,1300.95075,6115.299,1.038338835,high-school-2013__DSATUR-Recompute__s0.json,,,,,,,,,,,,,,
E3,high-school-2013,1,DSATUR-Recompute,,327,3600,30318,30318,606,5.800330033,9,5,7.318481848,190,,0.5610561056,877.1363795,847.3979988,1380.977751,2309.689,1.024173412,high-school-2013__DSATUR-Recompute__s1.json,,,,,,,,,,,,,,
E3,high-school-2013,2,DSATUR-Recompute,,327,3600,30318,30318,606,5.782178218,9,5,6.663366337,159,,0.5561056106,949.8299191,871.3900006,1604.084,5450.507,1.100914565,high-school-2013__DSATUR-Recompute__s2.json,,,,,,,,,,,,,,
E3,high-school-2013,0,FF-Repair,,327,3600,30318,30318,,11.2789432,12,12,0.06807836929,1,2064,0.06807836929,2.283226334,1.696,5.90615,143.78,0.432575734,high-school-2013__FF-Repair__s0.json,0.06807836929,0.0003628207665,0,15,0.2802817486,,,,,,,,,
E3,high-school-2013,1,FF-Repair,,327,3600,30318,30318,,10.45339402,11,11,0.06821030411,1,2068,0.06821030411,2.229426644,1.668,5.87215,167.14,0.429764441,high-school-2013__FF-Repair__s1.json,0.06821030411,0.0003298370605,0,16,0.2695390367,,,,,,,,,
E3,high-school-2013,2,FF-Repair,,327,3600,30318,30318,,10.19763837,11,11,0.06966158718,1,2112,0.06966158718,2.526432878,1.707,5.94715,119.974,0.474330192,high-school-2013__FF-Repair__s2.json,0.06966158718,0.0003298370605,0,18,0.2807490038,,,,,,,,,
E3,high-school-2013,0,KERB-R10,10,327,3600,30318,30318,,5.823405238,9,5,0.1986938452,10,6024,0.1388284188,260.4712835,5.478,1447.5409,42619.114,8.311978026,high-school-2013__KERB-R10__s0.json,0.1341117488,0.002044989775,58,46,0.2833000313,233,37,36,1,0,0,916,195066,1280985
E3,high-school-2013,1,KERB-R10,10,327,3600,30318,30318,,5.844943598,9,5,0.1937133056,10,5873,0.1373771357,258.973985,5.436,1698.79,25327.997,8.265558799,high-school-2013__KERB-R10__s1.json,0.1327594168,0.001880071245,53,44,0.2755355327,232,39,37,2,0,0,918,192473,1311229
E3,high-school-2013,2,KERB-R10,10,327,3600,30318,30318,,5.902170328,9,5,0.1858631836,10,5635,0.134309651,243.6497675,5.66,1045.88865,37268.995,7.810369081,high-school-2013__KERB-R10__s2.json,0.1303186226,0.001748136421,49,42,0.2613113215,214,33,33,0,0,0,768,179629,1174307
E3,high-school-2013,0,KERB-R1,1,327,3600,30318,30318,,6.583811597,11,6,0.1696681839,1,5144,0.1696681839,53.55051715,9.8135,34.04625,16971.18,2.040879906,high-school-2013__KERB-R1__s0.json,0.1208193153,0.00376014249,109,42,0.2950131028,365,225,105,119,0,0,1454,144779,2869
E3,high-school-2013,1,KERB-R1,1,327,3600,30318,30318,,6.461277129,9,6,0.1702618906,1,5162,0.1702618906,57.33796266,6.59,33.9142,13504.675,2.142474951,high-school-2013__KERB-R1__s1.json,0.1230292236,0.003661191371,106,41,0.2892046915,359,195,98,95,1,0,1407,168173,2719
E3,high-school-2013,2,KERB-R1,1,327,3600,30318,30318,,6.416353321,9,5,0.1759021044,1,5333,0.1759021044,64.46385477,7.3355,36.52415,26036.102,2.392821333,high-school-2013__KERB-R1__s2.json,0.1268223498,0.003595223959,105,40,0.2776939614,358,198,96,99,2,0,1455,164418,2925
E3,high-school-2013,0,KERB-R2,2,327,3600,30318,30318,,6.11000066,10,5,0.1948677353,2,5908,0.1610264529,80.73455327,4.7235,63.8553,19879.061,2.844696471,high-school-2013__KERB-R2__s0.json,0.1304835411,0.00300151725,87,45,0.2871346373,342,126,79,46,0,0,1564,222015,23901
E3,high-school-2013,1,KERB-R2,2,327,3600,30318,30318,,6.157827033,10,5,0.1817402203,2,5510,0.1519559338,73.2178304,4.5745,56.08005,24877.229,2.620187609,high-school-2013__KERB-R2__s1.json,0.1267563823,0.002638696484,76,44,0.3022971855,303,108,69,39,0,0,1290,197479,21679
E3,high-school-2013,2,KERB-R2,2,327,3600,30318,30318,,6.187512369,9,5,0.19232799,2,5831,0.1594762187,75.55600412,4.889,63.85525,19645.714,2.701506833,high-school-2013__KERB-R2__s2.json,0.1284055676,0.00267168019,77,43,0.2943615192,311,119,71,48,0,0,1548,199142,22972
E3,high-school-2013,0,KERB-R3,3,327,3600,30318,30318,,5.98584999,9,5,0.1839831123,3,5578,0.1407414737,84.55153737,4.256,58.8115,27067.519,2.962724569,high-school-2013__KERB-R3__s0.json,0.1238538162,0.002341843129,67,43,0.2908290872,293,82,63,19,0,0,1176,215918,49005
E3,high-school-2013,1,KERB-R3,3,327,3600,30318,30318,,6.031631374,9,5,0.1817402203,3,5510,0.1404116367,79.60715812,4.467,52.38335,27947.774,2.818967106,high-school-2013__KERB-R3__s1.json,0.1246454252,0.002242892011,63,42,0.2836299861,275,70,60,10,0,0,1134,206714,43738
E3,high-school-2013,2,KERB-R3,3,327,3600,30318,30318,,6.038261099,9,5,0.19321855,3,5858,0.1483277261,83.37081387,4.9665,48.45015,32057.928,2.970262233,high-school-2013__KERB-R3__s2.json,0.1302526552,0.002012006069,57,41,0.2796781734,263,71,55,16,0,0,1294,196102,40218
E3,high-school-2013,0,KERB-R5,5,327,3600,30318,30318,,5.886008312,9,5,0.1968467577,5,5968,0.1423246916,103.7681885,4.569,77.9277,28894.643,3.546312667,high-school-2013__KERB-R5__s0.json,0.1325615146,0.001847087539,52,45,0.2862801404,249,50,44,6,0,0,1110,199882,212834
E3,high-school-2013,1,KERB-R5,5,327,3600,30318,30318,,6.064285243,8,5,0.182333927,5,5528,0.1353321459,111.4346467,5.294,53.23065,51061.075,3.852654972,high-school-2013__KERB-R5__s1.json,0.1272511379,0.001814103833,51,36,0.2733329793,231,47,42,5,0,0,911,183958,179690
E3,high-school-2013,2,KERB-R5,5,327,3600,30318,30318,,5.937232007,8,5,0.1817072366,5,5509,0.1357279504,95.95330556,4.4965,45.96445,32920.008,3.317150256,high-school-2013__KERB-R5__s2.json,0.1285375025,0.001451283066,40,36,0.2800599297,223,44,36,8,0,0,846,180527,199894
E3,high-school-2013,0,Tabu-WarmStart,,327,3600,30318,30318,,5.721287684,8,5,0.2456626427,93,7448,0.125338083,378.2276983,2.557,30.8063,71583.798,11.88034316,high-school-2013__Tabu-WarmStart__s0.json,0.1235899466,0.002044989775,58,55,0.2802993723,,,,,,,,,
E3,high-school-2013,1,Tabu-WarmStart,,327,3600,30318,30318,,5.717527541,8,5,0.2336235899,73,7083,0.1218747939,382.2543786,2.49,30.2043,71488.57,12.00744486,high-school-2013__Tabu-WarmStart__s1.json,0.1201926248,0.001946038657,55,55,0.2789519291,,,,,,,,,
E3,high-school-2013,2,Tabu-WarmStart,,327,3600,30318,30318,,5.722112277,8,5,0.2365261561,70,7171,0.124216637,371.6899428,2.494,30.21045,70506.773,11.67004603,high-school-2013__Tabu-WarmStart__s2.json,0.1224685006,0.001946038657,55,57,0.2782094206,,,,,,,,,
E3,primary-school,0,DSATUR-Recompute,,242,3600,35654,35654,713,10.93969144,15,12,9.739130435,146,,0.427769986,1654.242721,1615.145999,2454.0428,8596.574,2.380054972,primary-school__DSATUR-Recompute__s0.json,,,,,,,,,,,,,,
E3,primary-school,1,DSATUR-Recompute,,242,3600,35654,35654,713,10.94109397,15,12,9.145862553,181,,0.4137447405,1727.749856,1696.144,2525.428999,4497.038999,2.463663276,primary-school__DSATUR-Recompute__s1.json,,,,,,,,,,,,,,
E3,primary-school,2,DSATUR-Recompute,,242,3600,35654,35654,713,10.95371669,15,12,9.800841515,176,,0.4417952314,1666.604729,1619.168001,2325.56,4296.212999,2.392722978,primary-school__DSATUR-Recompute__s2.json,,,,,,,,,,,,,,
E3,primary-school,0,FF-Repair,,242,3600,35654,35654,,18.25032254,21,21,0.05113030796,1,1823,0.05113030796,2.438789336,1.67,5.48805,2101.665,0.463424975,primary-school__FF-Repair__s0.json,0.05113030796,0.0005609468783,0,21,0.2655803031,,,,,,,,,
E3,primary-school,1,FF-Repair,,242,3600,35654,35654,,17.7386829,21,21,0.04927918326,1,1757,0.04927918326,2.376203203,1.668,5.54905,867.113,0.464590822,primary-school__FF-Repair__s1.json,0.04927918326,0.0005609468783,0,21,0.2568309995,,,,,,,,,
E3,primary-school,2,FF-Repair,,242,3600,35654,35654,,18.23907556,21,21,0.04953160936,1,1766,0.04953160936,2.375776575,1.687,6.1727,176.82,0.455297283,primary-school__FF-Repair__s2.json,0.04953160936,0.0005609468783,0,19,0.2657591045,,,,,,,,,
E3,primary-school,0,KERB-R10,10,242,3600,35654,35654,,10.83642789,14,11,0.1653951871,10,5897,0.09527682728,467.754251,7.745,3939.48465,55994.856,17.09947421,primary-school__KERB-R10__s0.json,0.08778818646,0.002496213609,79,47,0.2200327383,285,79,53,26,0,0,1156,225261,2961639
E3,primary-school,1,KERB-R10,10,242,3600,35654,35654,,10.81746789,14,11,0.1839625287,10,6559,0.1004094912,532.5448223,8.351,4126.26545,44610.64,19.42841452,primary-school__KERB-R10__s1.json,0.08997587928,0.003001065799,97,56,0.2137829668,330,99,70,29,0,0,1432,257331,3316520
E3,primary-school,2,KERB-R10,10,242,3600,35654,35654,,10.75054692,14,12,0.1742861951,10,6214,0.09844617715,541.3334415,8.334,4138.09465,39733.771,19.738922,primary-school__KERB-R10__s2.json,0.08947102709,0.003057160487,98,56,0.2206428034,318,98,68,29,1,0,1243,243762,3342386
E3,primary-school,0,KERB-R1,1,242,3600,35654,35654,,12.14127447,17,13,0.1362259494,1,4857,0.1362259494,56.02082081,15.0145,56.63175,22366.473,2.3995231,primary-school__KERB-R1__s0.json,0.0818141022,0.00465585909,154,44,0.2229626832,403,312,141,166,4,0,1900,106464,6524
E3,primary-school,1,KERB-R1,1,242,3600,35654,35654,,12.10714085,17,13,0.1388623997,1,4951,0.1388623997,62.34806339,15.7855,61.13385,23526.361,2.644838126,primary-school__KERB-R1__s1.json,0.08220676502,0.005188758625,173,41,0.2193754997,438,341,166,172,3,0,1990,111160,7720
E3,primary-school,2,KERB-R1,1,242,3600,35654,35654,,12.05974084,16,13,0.1346833455,1,4802,0.1346833455,56.4685106,16.3475,57.16575,37806.034,2.426759245,primary-school__KERB-R1__s2.json,0.08007516688,0.004683906434,155,44,0.2215588546,412,331,146,182,2,0,1912,91825,6532
E3,primary-school,0,KERB-R2,2,242,3600,35654,35654,,11.29676895,15,13,0.1799798059,2,6417,0.1331126942,114.7743278,7.898,181.8706,30443.587,4.513940441,primary-school__KERB-R2__s0.json,0.08374936893,0.004094912212,134,57,0.2389037641,385,207,123,84,0,0,2503,198210,114514
E3,primary-school,1,KERB-R2,2,242,3600,35654,35654,,11.29985415,16,12,0.1708924665,2,6093,0.1279239356,118.8159845,8.2705,179.0288,30094.437,4.652647345,primary-school__KERB-R2__s1.json,0.08212262299,0.003562012677,116,54,0.2312320194,381,196,110,83,2,0,2345,205950,100076
E3,primary-school,2,KERB-R2,2,242,3600,35654,35654,,11.24777024,15,12,0.1756324676,2,6262,0.1313176642,115.4553298,7.18,169.16725,35146.027,4.510136229,primary-school__KERB-R2__s2.json,0.08523587816,0.003898580804,128,54,0.2314458719,385,197,114,82,0,0,2387,207288,100895
E3,primary-school,0,KERB-R3,3,242,3600,35654,35654,,10.9261233,14,12,0.201436024,3,7182,0.1242497336,174.8451427,6.72,451.3043,40783.126,6.719734015,primary-school__KERB-R3__s0.json,0.0862175352,0.003309586582,107,59,0.2408350997,358,143,97,45,0,0,2457,240517,367540
E3,primary-school,1,KERB-R3,3,242,3600,35654,35654,,10.90996803,15,12,0.1929376788,3,6879,0.1194816851,178.0838633,6.335,377.25085,45871.469,6.824091896,primary-school__KERB-R3__s1.json,0.08417007909,0.003337633926,108,63,0.2444263833,358,130,98,31,0,0,2245,251653,334623
E3,primary-school,2,KERB-R3,3,242,3600,35654,35654,,10.88738991,14,12,0.1931059629,3,6885,0.1216693779,169.1643938,5.9175,343.5963,39392.686,6.484230492,primary-school__KERB-R3__s2.json,0.08745161833,0.003533965333,114,54,0.2246247382,369,137,103,32,1,0,2222,255353,325168
E3,primary-school,0,KERB-R5,5,242,3600,35654,35654,,10.73806586,14,12,0.2082795759,5,7426,0.1094968307,324.4813345,6.403,1640.7644,44904.558,12.0115077,primary-school__KERB-R5__s0.json,0.08686262411,0.002860829079,91,61,0.2435334418,332,88,71,17,0,0,1809,269697,1443067
E3,primary-school,1,KERB-R5,5,242,3600,35654,35654,,10.76445841,14,11,0.1890671453,5,6741,0.1049251136,269.329123,6.1025,1078.55855,40805.249,10.00198213,primary-school__KERB-R5__s1.json,0.08722723958,0.00272059236,87,58,0.2367680936,311,79,67,12,0,0,1648,251166,1256020
E3,primary-school,2,KERB-R5,5,242,3600,35654,35654,,10.73043698,14,12,0.2050541314,5,7311,0.1093565939,307.2679483,6.3645,1624.81945,38024.125,11.37778681,primary-school__KERB-R5__s2.json,0.0885174174,0.003057160487,98,61,0.2288010481,334,91,81,10,0,0,1796,266732,1396535
E3,primary-school,0,Tabu-WarmStart,,242,3600,35654,35654,,10.38806305,14,11,0.298479834,101,10642,0.08487126269,661.981407,2.404,38.05275,83640.629,24.01278469,primary-school__Tabu-WarmStart__s0.json,0.08245919111,0.002804734392,90,85,0.2521360087,,,,,,,,,
E3,primary-school,1,Tabu-WarmStart,,242,3600,35654,35654,,10.39499074,14,11,0.3061367588,100,10915,0.08540416223,654.3639322,2.381,39.32675,86725.145,23.74180071,primary-school__Tabu-WarmStart__s1.json,0.08285185393,0.002944971111,95,96,0.2463601155,,,,,,,,,
E3,primary-school,2,Tabu-WarmStart,,242,3600,35654,35654,,10.3986369,14,11,0.3139900151,108,11195,0.08590901442,655.0425846,2.326,39.6002,114122.142,23.77069711,primary-school__Tabu-WarmStart__s2.json,0.08349694284,0.002916923767,94,100,0.2595355069,,,,,,,,,
