instance,budgets,spearman_R_colours,p_value,spearman_R_recoloured,colours_R1,colours_Rmax
DSJC125.5,6,-0.8285714286,0.04156268222,0.3714285714,18.26752,16.30248
DSJC250.5,6,-0.5428571429,0.2657026239,-0.02857142857,28.17768,26.58584
DSJC500.1,6,-0.7714285714,0.07239650146,-0.02857142857,13.39692,12.47924
DSJR500.1,6,-1,0,-0.02857142857,9.92892,8.65732
flat300_28_0,6,-0.5428571429,0.2657026239,0.02857142857,31.25,29.44692
fpsol2.i.1,6,-0.8285714286,0.04156268222,0.02857142857,29.34776,26.82184
homer,6,-1,0,-0.08571428571,10.14736,8.96336
inithx.i.1,6,-0.8285714286,0.04156268222,0.3714285714,26.66528,24.97308
le450_15c,6,-0.8285714286,0.04156268222,-0.08571428571,20.30572,18.55936
le450_25c,6,-0.6,0.208,0.2,23.50656,21.03816
miles750,6,-0.8285714286,0.04156268222,0.3142857143,18.70628,15.89216
myciel7,6,-1,0,0.8285714286,7.00324,6.40876
queen11_11,6,-0.9428571429,0.004804664723,0.5428571429,13.1214,11.1648
school1,6,-0.6546536707,0.1583024234,-0.6546536707,14.07572,14
