instance,algorithm,mean_colours,max_colours,final_colours,mean_recoloured,max_recoloured,share_updates_recolouring,conflict_rate,new_colour_rate,eliminations,mean_time_us,median_time_us,p95_time_us,max_time_us,max_recolourings_per_vertex,gini_recolourings,initial_colours,n,sd_mean_colours,seeds,R,vs_tws_pct
DSJC125.5,KERB-R1,18.26752,20.4,19,0.10136,1,0.10136,0.03332,0.00716,30.8,55.63680824,23.1086,92.48353,33955.5314,11.4,0.3315419318,14,125,0.2895967748,5,1,22.01285083
DSJC125.5,KERB-R2,17.14896,19.2,17.8,0.20376,2,0.129,0.03684,0.00684,30.4,171.3301116,44.342,379.01287,55731.6246,17.6,0.2294184828,14,125,0.3349385436,5,2,14.54173847
DSJC125.5,KERB-R3,16.61152,18.2,16.8,0.33256,3,0.1516,0.04304,0.00776,35.8,324.4248998,61.6202,1078.92822,46616.8036,26.6,0.1932060403,14,125,0.1598427102,5,3,10.95205653
DSJC125.5,KERB-R5,16.2552,17.8,16.4,0.33784,5,0.11072,0.04656,0.00728,34,1024.347051,84.8802,4942.47514,55596.351,26.6,0.1887086214,14,125,0.1713879226,5,5,8.572115577
DSJC125.5,KERB-R10,16.23972,17.6,16.4,0.20092,10,0.06536,0.04176,0.00724,33.8,1258.368134,92.1047,5724.4806,67474.2932,17,0.2330720992,14,125,0.2466338825,5,10,8.468721196
DSJC125.5,KERB-R25,16.30248,17.8,16.6,0.20548,20.4,0.06332,0.0418,0.00708,32.8,1337.441191,93.8383,5993.55503,61499.9462,19.2,0.2428128487,14,125,0.1547745845,5,25,8.887909269
DSJC250.5,KERB-R1,28.17768,31,29.6,0.09956,1,0.09956,0.02416,0.00584,23.6,124.301904,35.4159,175.09403,64428.442,8.2,0.4725363088,24,250,0.4019499621,5,1,14.22229213
DSJC250.5,KERB-R2,27.02492,28.6,27.4,0.20284,2,0.12344,0.025,0.00592,26,303.1037039,73.9461,769.36057,71314.4606,12,0.3556040308,24,250,0.4241480072,5,2,9.549413113
DSJC250.5,KERB-R3,26.4188,28,27,0.25844,3,0.11432,0.02608,0.00552,24.2,653.3457056,85.584,2313.65112,91114.7734,16.2,0.3328860776,24,250,0.05711654751,5,3,7.092418226
DSJC250.5,KERB-R5,26.24984,27.8,26.8,0.19008,5,0.06208,0.02516,0.00404,17.4,1245.478019,79.2554,6691.80473,93675.7534,12.2,0.3542898909,24,250,0.3098629181,5,5,6.407514484
DSJC250.5,KERB-R10,26.63392,28.4,26.6,0.15712,10,0.0474,0.027,0.00432,19,1533.01324,124.0619,7336.8236,87502.7294,10.2,0.3882736786,24,250,0.2651776989,5,10,7.964438189
DSJC250.5,KERB-R25,26.58584,28.2,26.8,0.15828,21.4,0.04452,0.02656,0.0048,21.2,1580.641214,124.7294,7704.20558,89535.0538,11,0.400736111,24,250,0.2019674429,5,25,7.769538971
DSJC500.1,KERB-R1,13.39692,14.4,13.8,0.13548,1,0.13548,0.03464,0.00288,11.8,114.624347,31.8669,134.12351,50782.5416,7,0.5553115353,11.2,500,0.1747929976,5,1,12.4408291
DSJC500.1,KERB-R2,12.79912,14,13,0.20056,2,0.12656,0.0394,0.00356,16,370.2048763,20.2647,241.30068,103247.8082,8.4,0.46517603,11.2,500,0.06758248294,5,2,7.4234723
DSJC500.1,KERB-R3,12.56292,13.8,12.4,0.20484,3,0.09792,0.03756,0.00384,18,548.7061134,11.8508,514.65159,113090.8498,8.4,0.4487826562,11.2,500,0.1497398811,5,3,5.441037245
DSJC500.1,KERB-R5,12.3706,13,12.2,0.15292,5,0.056,0.03488,0.00248,11.4,650.4887852,10.761,1140.13348,121274.3148,7.4,0.5013393988,11.2,500,0.034893839,5,5,3.826888601
DSJC500.1,KERB-R10,12.39884,13.4,12.4,0.1492,10,0.04868,0.03776,0.00268,12.2,732.5316552,10.6856,3430.40182,110569.5594,6.8,0.4998300835,11.2,500,0.06777837413,5,10,4.063907932
DSJC500.1,KERB-R25,12.47924,13,12.6,0.15076,24.6,0.0458,0.03736,0.00276,12.4,911.988496,13.1949,4990.21647,124414.2422,7.8,0.4967206917,11.2,500,0.07124147668,5,25,4.73870801
DSJR500.1,KERB-R1,9.92892,11.4,10.4,0.17288,1,0.17288,0.09264,0.00404,18.2,56.02909992,19.0176,66.92102,19660.9326,10.2,0.5626539708,8.4,500,0.2831185829,5,1,17.71264084
DSJR500.1,KERB-R2,9.11224,10.2,9.4,0.22872,2,0.16524,0.09968,0.00368,17.4,163.473511,11.1016,159.8029,38826.0564,12.2,0.5228348514,8.4,500,0.1703461417,5,2,8.030463978
DSJR500.1,KERB-R3,8.93144,10,8.8,0.2298,3,0.13844,0.09828,0.00264,12.8,195.6318572,9.2537,262.37065,44016.5208,12.2,0.5286657617,8.4,500,0.2293313062,5,3,5.886983573
DSJR500.1,KERB-R5,8.77184,9.8,8.6,0.2016,5,0.1118,0.09704,0.00204,10,272.1253562,10.4871,511.81446,50723.3634,11,0.5200140101,8.4,500,0.2745934231,5,5,3.994840472
DSJR500.1,KERB-R10,8.69036,9.6,8.8,0.20776,10,0.1094,0.1006,0.00208,10,379.4914557,10.7878,2582.55552,42596.3042,11.6,0.5177193343,8.4,500,0.3010141326,5,10,3.028851626
DSJR500.1,KERB-R25,8.65732,9.8,8.8,0.1882,24.6,0.10224,0.09836,0.00224,10.8,526.5036253,12.0332,3050.38325,45148.5358,10,0.5323417197,8.4,500,0.2932082741,5,25,2.637144808
flat300_28_0,KERB-R1,31.25,33.4,32,0.1022,1,0.1022,0.02304,0.00548,22.4,154.3033216,35.7521,147.80243,124494.1636,7.8,0.5102766277,27,300,0.2661066703,5,1,13.7101305
flat300_28_0,KERB-R2,29.76144,31.6,29.6,0.18936,2,0.11652,0.02372,0.00512,23,416.0833611,71.1116,815.18522,120337.7376,11.6,0.4149478575,27,300,0.1325181799,5,2,8.29367124
flat300_28_0,KERB-R3,29.34468,31.2,29.8,0.2572,3,0.11228,0.02456,0.00524,23.2,808.1385722,90.451,2890.54721,123737.0772,14.6,0.3577175944,27,300,0.1036760917,5,3,6.777196552
flat300_28_0,KERB-R5,29.34356,30.8,29.2,0.19328,5,0.06192,0.0238,0.0042,18.8,1392.540341,117.1619,7385.5065,130223.8406,11.6,0.3903066956,27,300,0.07943417401,5,5,6.773121181
flat300_28_0,KERB-R10,29.47388,31.2,29.6,0.15164,10,0.0444,0.02388,0.00416,18.2,1629.487839,142.1972,7920.4535,113941.427,10.6,0.4256368496,27,300,0.2330558131,5,10,7.247319716
flat300_28_0,KERB-R25,29.44692,31,29.8,0.14528,19.8,0.04104,0.0234,0.00448,19.6,1631.323705,112.9975,7734.50405,117398.914,10,0.4512244558,27,300,0.2538997676,5,25,7.149219712
fpsol2.i.1,KERB-R1,29.34776,32.2,30,0.07316,1,0.07316,0.035,0.006,24.6,158.6783299,30.4748,104.12783,76367.5026,8.8,0.7746396346,24.6,496,1.008116604,5,1,12.34985698
fpsol2.i.1,KERB-R2,27.60784,30,28,0.10684,2,0.07468,0.03484,0.00564,24.8,370.9234997,31.3167,593.08188,77089.5504,14.8,0.7928067817,24.6,496,0.8781624724,5,2,5.689050049
fpsol2.i.1,KERB-R3,27.14064,29.2,27,0.13316,3,0.07104,0.0342,0.00484,21.4,727.9591833,21.358,1985.4787,93079.1474,16.6,0.8030668309,24.6,496,0.8551495705,5,3,3.900502876
fpsol2.i.1,KERB-R5,26.58392,28.6,26.2,0.13204,5,0.056,0.03552,0.0046,21.4,1400.812239,21.4148,7566.21688,101070.8924,15.8,0.7920626089,24.6,496,0.9633604476,5,5,1.769252914
fpsol2.i.1,KERB-R10,26.83688,28.8,26.8,0.10608,10,0.04744,0.03508,0.00448,20.2,1481.057889,39.9004,7782.31173,102930.4838,11.6,0.7810611198,24.6,496,0.845876984,5,10,2.737640955
fpsol2.i.1,KERB-R25,26.82184,28.8,27.6,0.09392,13.2,0.04304,0.03408,0.00448,19.4,1430.565992,26.5123,7640.74153,100253.2518,11.2,0.7796617339,24.6,496,0.8515997581,5,25,2.680064437
homer,KERB-R1,10.14736,12,10.2,0.10488,1,0.10488,0.054,0.005,22.8,67.26407508,16.3883,46.60282,23685.948,14.4,0.8401274359,8,561,0.3661308892,5,1,15.75129014
homer,KERB-R2,9.46544,11.4,10.2,0.15916,2,0.11416,0.06288,0.00616,28.6,154.0090219,13.6928,168.62789,27037.5506,20.6,0.8404016952,8,561,0.5455674367,5,2,7.972604865
homer,KERB-R3,9.3022,11,10.4,0.1614,3,0.09512,0.06096,0.00464,20.8,185.8388044,8.0925,273.28418,27543.591,20.4,0.8352615117,8,561,0.5252663134,5,3,6.11052048
homer,KERB-R5,9.04016,10.4,9.2,0.15444,5,0.07992,0.06444,0.0036,16.8,309.4190994,7.9956,1321.32251,30454.4208,18.6,0.8277066893,8,561,0.5333192552,5,5,3.121421043
homer,KERB-R10,8.98392,10.6,9.6,0.14232,10,0.07176,0.06404,0.00384,17.6,641.3065065,9.0223,4836.40664,29320.7518,18.2,0.8223769118,8,561,0.5399343034,5,10,2.479889397
homer,KERB-R25,8.96336,10.6,9.6,0.13632,22.2,0.06816,0.06292,0.0038,17.4,872.2761823,10.3977,5216.47021,31797.2606,17.2,0.8271970899,8,561,0.5147987063,5,25,2.245360759
inithx.i.1,KERB-R1,26.66528,29.6,27.6,0.06752,1,0.06752,0.04108,0.00424,16.4,226.3056704,28.9202,95.26217,88678.8924,6.2,0.8218881877,22.8,864,0.6898127659,5,1,8.874317118
inithx.i.1,KERB-R2,25.51988,27.6,26.6,0.07144,2,0.05668,0.03968,0.0028,10,513.9278282,14.6768,378.58744,115524.4886,6.8,0.8242011367,22.8,864,0.7476754323,5,2,4.197649826
inithx.i.1,KERB-R3,25.226,27.4,26,0.07828,3,0.05376,0.04056,0.00236,8.6,624.2492471,10.3096,833.9508,109736.4522,9.6,0.8264882419,22.8,864,0.9865109629,5,3,2.997738018
inithx.i.1,KERB-R5,24.734,26.6,25.2,0.08776,5,0.05012,0.04112,0.0024,9.6,1050.440061,10.772,6544.74416,124097.732,9.8,0.8283996589,22.8,864,0.7021514794,5,5,0.9889024082
inithx.i.1,KERB-R10,25.02596,26.8,25.8,0.07092,9.8,0.04536,0.04212,0.00216,7.8,1272.594298,11.2794,8862.85454,117658.6562,7,0.8147640298,22.8,864,0.8417166435,5,10,2.180974857
inithx.i.1,KERB-R25,24.97308,26.8,25.6,0.07396,15,0.04576,0.04164,0.00224,8.4,1349.871677,12.6879,9015.21111,125290.4906,7.2,0.8120537157,22.8,864,0.833844621,5,25,1.965065859
le450_15c,KERB-R1,20.30572,22,21,0.12552,1,0.12552,0.0368,0.00376,14.8,111.4836012,30.2427,126.12073,65637.4136,7.4,0.5376142635,17,450,0.3044890014,5,1,16.75966475
le450_15c,KERB-R2,18.9306,20.4,19,0.25068,2,0.15404,0.0396,0.0052,23.8,411.504875,28.6281,343.68433,124447.0892,10.6,0.4079517097,17,450,0.1792088725,5,2,8.85260456
le450_15c,KERB-R3,18.64052,20,18.4,0.27184,3,0.1226,0.03856,0.00464,21.8,609.1394515,17.8361,1017.13231,129714.0564,12,0.393021155,17,450,0.1144222531,5,3,7.184619206
le450_15c,KERB-R5,18.53704,20,18.8,0.24452,5,0.08248,0.04036,0.0044,20.2,916.9567278,13.116,4689.70452,128018.3134,11.8,0.4193683492,17,450,0.1495452707,5,5,6.589600162
le450_15c,KERB-R10,18.60756,20,18.4,0.19868,10,0.05992,0.04028,0.0034,15.6,1092.215085,19.6391,5731.70637,125883.873,8.8,0.4330716367,17,450,0.1168689351,5,10,6.995096325
le450_15c,KERB-R25,18.55936,20,19,0.19804,24.6,0.0534,0.03928,0.00336,14.8,1457.296002,26.4353,6356.51201,122110.3294,9.8,0.4347492261,17,450,0.1181391044,5,25,6.717942113
le450_25c,KERB-R1,23.50656,25.4,24.4,0.11528,1,0.11528,0.03844,0.00396,14.4,86.53744448,28.176,96.90687,38427.5618,8.2,0.5713213351,19,450,0.1708230898,5,1,18.40401676
le450_25c,KERB-R2,21.4064,22.8,21.6,0.25844,2,0.15944,0.04368,0.00548,24.8,417.6584104,33.507,412.7648,94560.9992,11.4,0.4290054596,19,450,0.2909778342,5,2,7.82537914
le450_25c,KERB-R3,21.01752,22.6,21,0.33088,3,0.1474,0.04516,0.00496,22.6,649.6418292,30.8008,1232.77679,129819.858,14.8,0.3891899243,19,450,0.1445929182,5,3,5.866566194
le450_25c,KERB-R5,20.8692,22.2,20.8,0.32252,5,0.10616,0.04776,0.00524,24.4,1200.385596,19.7557,5469.12728,116692.7332,13,0.386879139,19,450,0.2074418955,5,5,5.119469053
le450_25c,KERB-R10,20.89896,22.2,20.8,0.27012,10,0.07556,0.04744,0.00508,23.6,1355.018853,34.3389,6198.30127,131412.5158,11.8,0.4102069673,19,450,0.1349601719,5,10,5.269372039
le450_25c,KERB-R25,21.03816,22.2,21,0.25432,25,0.06528,0.04664,0.004,18,1548.51037,58.4669,6689.14858,102381.4746,11.2,0.4124878596,19,450,0.2542845414,5,25,5.970531168
miles750,KERB-R1,18.70628,21.4,19.2,0.13132,1,0.13132,0.06364,0.01124,51.4,37.5726812,21.4068,75.69438,10522.1292,18,0.4731760142,14.4,128,0.6505455034,5,1,24.46292649
miles750,KERB-R2,17.17412,19.8,17.6,0.26096,2,0.17384,0.07784,0.01224,58,157.420037,38.3642,456.71112,33729.0638,30.2,0.4342072709,14.4,128,0.4182343028,5,2,14.26864321
miles750,KERB-R3,16.26868,18.2,16,0.39336,3,0.18864,0.08284,0.01148,54.8,399.5125121,37.0731,1313.12969,46285.9542,46,0.4362175758,14.4,128,0.502039612,5,3,8.244264651
miles750,KERB-R5,15.81568,17.8,16.2,0.37784,5,0.14292,0.08436,0.01108,53.6,960.3807043,31.2068,4304.07599,43461.8418,43.2,0.4346919665,14.4,128,0.5089001985,5,5,5.230212381
miles750,KERB-R10,15.9398,18.2,16.4,0.26008,10,0.1034,0.07992,0.01124,54.2,1115.583097,45.5072,4504.414,44541.2256,32,0.406553056,14.4,128,0.4407497249,5,10,6.056049396
miles750,KERB-R25,15.89216,18.4,16.2,0.26904,20.8,0.10356,0.08248,0.01116,54,1131.688154,40.1876,4694.86286,39270.1238,31,0.4101080604,14.4,128,0.5037773794,5,25,5.739074892
myciel7,KERB-R1,7.00324,8,6.8,0.03308,1,0.03308,0.00848,0.00108,4.6,81.74577348,10.2887,36.64385,28837.6352,7.4,0.7237342811,6,191,0.1172090781,5,1,13.22210366
myciel7,KERB-R2,6.8752,7.8,6.8,0.03784,2,0.02504,0.0094,0.00128,5.6,97.63232496,6.1485,63.18297,30577.8942,7.8,0.6971558123,6,191,0.2541769462,5,2,11.15206777
myciel7,KERB-R3,6.73948,7.6,7,0.0398,3,0.02108,0.0094,0.0014,5.8,116.7046659,6.407,81.49656,28628.584,8,0.7110002429,6,191,0.2574187872,5,3,8.957868529
myciel7,KERB-R5,6.66724,7,6.6,0.03716,4.8,0.01548,0.00896,0.0012,5.4,140.1093662,6.3737,149.46398,39483.5016,8.6,0.7445121072,6,191,0.264273699,5,5,7.789956996
myciel7,KERB-R10,6.54508,7,6.2,0.04304,10,0.01452,0.01112,0.00128,6.2,349.960956,7.2761,542.20225,37621.0262,8.4,0.7155296107,6,191,0.2588232833,5,10,5.814983671
myciel7,KERB-R25,6.40876,7,6.4,0.05232,22,0.01524,0.01256,0.00188,9,971.7354382,8.3877,8408.3162,53314.87,8.6,0.6492321555,6,191,0.2024713511,5,25,3.611084166
queen11_11,KERB-R1,13.1214,14.6,13.2,0.13168,1,0.13168,0.05056,0.00616,27.4,32.70888448,19.0237,65.54611,8313.0714,13.6,0.2921157323,9.8,121,0.03521022579,5,1,27.77979035
queen11_11,KERB-R2,12.20252,13.4,12.2,0.30816,2,0.19472,0.06692,0.00712,33.2,112.9099176,40.1567,321.02781,26683.0898,23.2,0.1718986498,9.8,121,0.1761638215,5,2,18.83148501
queen11_11,KERB-R3,11.73116,12.8,11.8,0.44392,3,0.20336,0.07304,0.00648,29.8,233.8348706,45.3891,757.13622,34948.7142,31.4,0.1507127842,9.8,121,0.1814581715,5,3,14.24125211
queen11_11,KERB-R5,11.27376,12.6,11.4,0.58564,5,0.18232,0.08072,0.00732,35,797.9273091,56.8419,4072.05153,43403.8604,40.8,0.1451147861,9.8,121,0.1948991739,5,5,9.786965515
queen11_11,KERB-R10,11.28108,12.2,11.4,0.32572,10,0.10452,0.07576,0.0072,34.4,1266.899043,87.017,4974.81371,38301.6488,27.4,0.1851892604,9.8,121,0.1690156561,5,10,9.858249682
queen11_11,KERB-R25,11.1648,12.4,11.4,0.3356,24.6,0.0998,0.07676,0.00864,41.6,1346.353644,80.4474,5395.7872,48826.104,27,0.1811221451,9.8,121,0.1003991036,5,25,8.725883164
school1,KERB-R1,14.07572,14.6,14,0.00212,1,0.00212,0.00188,0.00012,0.6,620.5999413,8.4124,15.58084,319494.2104,1.8,0.9783901197,14,385,0.06996693505,5,1,0.5408571429
school1,KERB-R2,14,14,14,0.002,1.6,0.00188,0.00188,0,0,514.8489391,8.3793,14.68701,310131.5586,1.4,0.9774242424,14,385,0,5,2,0
school1,KERB-R3,14,14,14,0.002,1.6,0.00188,0.00188,0,0,518.9953891,8.3902,15.62739,311676.2312,1.4,0.9774242424,14,385,0,5,3,0
school1,KERB-R5,14,14,14,0.002,1.6,0.00188,0.00188,0,0,501.074433,8.3532,14.84121,284649.665,1.4,0.9774242424,14,385,0,5,5,0
school1,KERB-R10,14,14,14,0.002,1.6,0.00188,0.00188,0,0,509.1007444,8.4412,15.84448,296173.5236,1.4,0.9774242424,14,385,0,5,10,0
school1,KERB-R25,14,14,14,0.002,1.6,0.00188,0.00188,0,0,1248.535802,11.958,6150.44371,283795.7948,1.4,0.9774242424,14,385,0,5,25,0
