instance,KERB-R3,KERB-direct,KERB-kempe,KERB-noElim,KERB-noMig,KERB-tabu
DSJC125.5,16.61152,17.99276,18.09112,16.773,18.13352,16.54844
DSJC250.5,26.4188,28.335,28.23736,26.63408,28.57276,26.39524
DSJC500.1,12.56292,13.637,13.39588,12.57968,13.60208,12.61396
DSJR500.1,8.93144,9.83392,9.70948,8.92428,9.85776,8.91196
flat300_28_0,29.34468,31.10616,31.1308,29.2964,31.34996,29.44272
fpsol2.i.1,27.14064,29.50456,29.28736,27.07824,29.43376,26.87944
homer,9.3022,10.19772,10.0302,9.32668,10.26996,9.311
inithx.i.1,25.226,26.67252,26.60112,25.1564,26.99436,25.34072
le450_15c,18.64052,20.38168,20.20684,18.67844,20.50384,18.58368
le450_25c,21.01752,23.11624,23.00876,21.08544,23.43228,21.04796
miles750,16.26868,18.49612,18.25016,16.6188,18.01648,16.2248
myciel7,6.73948,7.0462,6.96096,6.741,6.9778,6.71976
queen11_11,11.73116,13.2288,12.83696,11.9018,12.71292,11.73872
school1,14,14.07572,14,14,14,14
