instance,n,unique_edges,header_edges,duplicate_lines,self_loops,sha256
DSJC1000.1,1000,49629,99258,0,0,de2f29bf6822f82ebd6042b6e923107feb5a0a24495515deac1e0c8596d478d8
DSJC125.1,125,736,1472,0,0,5f796d4e7c395d5817e144e9f8a638c132688f0acea7418875d9070e0c0a7d7e
DSJC125.5,125,3891,7782,0,0,86c44d3da8aa58a544b58ef3b248ff342fcd37d04f3aaea11eb793251f69a746
DSJC125.9,125,6961,13922,0,0,bbdff6016d269d8ca98b886f8680e11e00c6c52488ecf84ace60547c42ec32b1
DSJC250.1,250,3218,6436,0,0,2e20e631a3a1c1fb156bb2fd7e4535bc83038a69bbe6fd77291a7b34715d625b
DSJC250.5,250,15668,31336,0,0,421f05b16fc80f80d6fa3e967cebc35bae9a9a4300aecc2f2dcaf74114321624
DSJC250.9,250,27897,55794,0,0,7151f623664011d24da231a7d0ebd68f9545d6fe5a0ebc42d07dfea9e657da87
DSJC500.1,500,12458,24916,0,0,6264bf02057fdc885935ce211c529744c9a2d53e68624d430f1504d0526abf04
DSJC500.5,500,62624,125248,0,0,33c9b6bd4456550db2b7dca779c0cc85d2b50be557fa8813c4c8ab6541422feb
DSJR500.1,500,3555,7110,0,0,763ba9ce7077f0e8408d033364a75c52654a66c46c0a3f6dda3c9934096e2a71
DSJR500.5,500,58862,117724,0,0,f976b7aa48868291b07da4891e59d7d674db7bda26f322f6db20dad03d32797e
anna,138,493,986,493,0,94907497db819e1375db6f20273cc582f2b6601bfa21e9bdf72b47d3533cf22a
david,87,406,812,406,0,8a75efd18606b87cc2f9a4e0ec87f8b8ca3e237b7ecc710a1ef2f069fe212192
flat300_28_0,300,21695,21695,0,0,cdceab73a5e8b51c9957d4fd8bc41fca3476a1d1da73b4ab090c547cc9f7d70b
fpsol2.i.1,496,11654,11654,0,0,39462d19547086d3795d18a4ce949ef96886900c9f3c6b3c5199eb0c5432b8a2
games120,120,638,1276,638,0,30bcc1004a11b6cbed6e96727d48e1927e74a36383d966ec04eead8b68cb38f9
homer,561,1628,3258,1628,2,38573989c4a1f1b2177f6f45fe86c87e75ea501ab6ef2035ac717e515aa0e22d
huck,74,301,602,301,0,b635483fe5da294e3f35d890969d8f8b31c818e11e2b18521c2e5546fe2eb3ba
inithx.i.1,864,18707,18707,0,0,a61233d939d4840159069c0f0f5c2f3e165d25d7d2ab39e76dc48e6c44c0f9e2
jean,80,254,508,254,0,ad92a264160d87a2a55a9e1f0f41a9f584ca11c3f3ea1f6f1a7630d495e81790
le450_15a,450,8168,8168,0,0,8536ae4db665d8129b347f187cbfb3ad2927fdca57bf776aa161da12b5f83b63
le450_15c,450,16680,16680,0,0,13c18c5ce061a900eef434c0003fc03df0896fc035a6a35639c9c7b49f62d1fb
le450_25a,450,8260,8260,0,0,fb2a0ebbc1c89a57f765ffd72754e36d1c3a6a33ddd50cf8d36b8b2720a1a6a1
le450_25c,450,17343,17343,0,0,98bd407ab229a815b39ece98f1f1c268c5946c4f27013a75511dbfd2a3995524
le450_5a,450,5714,5714,0,0,a39058fbffffa5220e7c70e64403196b0be19ec859d7d29a105738bf80785490
miles1500,128,5198,10396,5198,0,7cdc0783a6bc9d06af9040faec0dbf28d30e56af1dc6126ab35d57bf876c8753
miles250,128,387,774,387,0,7fea68199802d69dd76930b74bf13cdc4da48d1a0c781c8da06688ad6d639206
miles750,128,2113,4226,2113,0,de30585ae89d59e7c7a0600db40387ae780fd9a6f887d853ea9b8065a575afbc
mulsol.i.1,197,3925,3925,0,0,dd4d55ff7926e4e207c61bebf9cdb6011cd31eead8761aed9ef64343038ca8dd
myciel5,47,236,236,0,0,ed37347e72cac98bef064bf5a39ff2881f47cb2121e3fb8bad3ac68bc175a530
myciel6,95,755,755,0,0,5bb1be3fcb0da7bada24b90fa4e1ef67a02cdbcb1aa1e69587b2a75e287f61b1
myciel7,191,2360,2360,0,0,8037aaba268f3da68d8278c17694db04a18dacd9fbca669660f8edb1e6010602
queen11_11,121,1980,3960,1980,0,f838597541d4fcd82cdb8b93e9bd5956ca7a17ee5e2ca827759153a4b68e7d50
queen13_13,169,3328,6656,3328,0,26b5f7f36d833c5d322c57ebcb39b6aa7c5c3cf21f1caa680bd614b815428241
queen8_8,64,728,1456,728,0,1579f7e1cf2d5ab7a0bdd1682a4dad3131084dca54c4690547383dbf44731948
school1,385,19095,19095,0,0,6e1ed2fe10d04c46cff6dd62506f2deffedce47e310400d37d3d5f7bfc20db2f
school1_nsh,352,14612,14612,0,0,1176f8ff58d903d0486125f6020c195d7c6f99494fadc57076364b6b9274f1b1
zeroin.i.1,211,4100,4100,0,0,42f82df1b7d4933483a04653f11c603a30b952f9e742dca6f838a8e07b10b3aa
