instance,page_vertices,page_edges,page_chromatic_number,page_source_code
DSJC1000.1,1000,99258,?,DSJ
DSJC1000.5,1000,499652,?,DSJ
DSJC1000.9,1000,898898,?,DSJ
DSJC125.1,125,1472,?,DSJ
DSJC125.5,125,7782,?,DSJ
DSJC125.9,125,13922,?,DSJ
DSJC250.1,250,6436,?,DSJ
DSJC250.5,250,31366,?,DSJ
DSJC250.9,250,55794,?,DSJ
DSJC500.1,500,24916,?,DSJ
DSJC500.5,500,125249,?,DSJ
DSJC500.9,500,224874,?,DSJ
DSJR500.1,500,7110,?,DSJ
DSJR500.1c,500,242550,?,DSJ
DSJR500.5,500,117724,?,DSJ
flat1000_50_0,1000,245000,50,CUL
flat1000_60_0,1000,245830,60,CUL
flat1000_76_0,1000,246708,76,CUL
flat300_20_0,300,21375,20,CUL
flat300_26_0,300,21633,26,CUL
flat300_28_0,300,21695,28,CUL
fpsol2.i.1,496,11654,65,REG
fpsol2.i.2,451,8691,30,REG
fpsol2.i.3,425,8688,30,REG
inithx.i.1,864,18707,54,REG
inithx.i.2,645,13979,31,REG
inithx.i.3,621,13969,31,REG
latin_square_10,900,307350,?,LAT
le450_15a,450,8168,15,LEI
le450_15b,450,8169,15,LEI
le450_15c,450,16680,15,LEI
le450_15d,450,16750,15,LEI
le450_25a,450,8260,25,LEI
le450_25b,450,8263,25,LEI
le450_25c,450,17343,25,LEI
le450_25d,450,17425,25,LEI
le450_5a,450,5714,5,LEI
le450_5b,450,5734,5,LEI
le450_5c,450,9803,5,LEI
le450_5d,450,9757,5,LEI
mulsol.i.1,197,3925,49,REG
mulsol.i.2,188,3885,31,REG
mulsol.i.3,184,3916,31,REG
mulsol.i.4,185,3946,31,REG
mulsol.i.5,186,3973,31,REG
school1,385,19095,?,SCH
school1_nsh,352,14612,?,SCH
zeroin.i.1,211,4100,49,REG
zeroin.i.2,211,3541,30,REG
zeroin.i.3,206,3540,30,REG
anna,138,493,11,SGB
david,87,406,11,SGB
homer,561,1629,13,SGB
huck,74,301,11,SGB
jean,80,254,10,SGB
games120,120,638,9,SGB
miles1000,128,3216,42,SGB
miles1500,128,5198,73,SGB
miles250,128,387,8,SGB
miles500,128,1170,20,SGB
miles750,128,2113,31,SGB
queen10_10,100,2940,?,SGB
queen11_11,121,3960,11,SGB
queen12_12,144,5192,?,SGB
queen13_13,169,6656,13,SGB
queen14_14,196,8372,?,SGB
queen15_15,225,10360,?,SGB
queen16_16,256,12640,?,SGB
queen5_5,25,160,5,SGB
queen6_6,36,290,7,SGB
queen7_7,49,476,7,SGB
queen8_12,96,1368,12,SGB
queen8_8,64,728,9,SGB
queen9_9,81,2112,10,SGB
myciel3,11,20,4,MYC
myciel4,23,71,5,MYC
myciel5,47,236,6,MYC
myciel6,95,755,7,MYC
myciel7,191,2360,8,MYC
