updates,mean_colours,max_colours,final_colours,mean_recoloured,max_recoloured,total_recoloured,share_updates_recolouring,conflict_rate,new_colour_rate,eliminations,mean_time_us,median_time_us,p95_time_us,max_time_us,max_recolourings_per_vertex,gini_recolourings,search_nodes,plan_iters,tabu_iters,R,graph,seed,k0,wall_s
2000,5.8845,7.0,6.0,0.263,3.0,526.0,0.1345,0.0695,0.0045,8,156.1081495,22.5815,284.8150999999999,24637.464,11.0,0.3148922686945501,1000,1000,0,3,"G(120,0.1)",0,5,0.31646947100034595
2000,5.307,6.0,5.0,0.2535,10.0,507.0,0.0825,0.0685,0.006,12,495.01984749999997,6.513999999999999,2755.6474999999973,48198.869,12.0,0.288905325443787,1000,1000,0,10,"G(120,0.1)",0,5,0.9925924829999531
2000,5.6655,6.0,6.0,0.233,3.0,466.0,0.1255,0.063,0.008,15,482.453706,7.3965,3141.7624,25733.039,12.0,0.35947782546495,1000,1000,300,3,"G(120,0.1)",0,5,0.9674212299996725
2000,5.4345,6.0,5.0,0.2075,10.0,415.0,0.067,0.058,0.003,6,606.9989215,6.5055,5897.23,35472.866,8.0,0.3139959839357429,1000,1000,300,10,"G(120,0.1)",0,5,1.2165495379999811
2000,5.917,7.0,6.0,0.2935,3.0,587.0,0.1525,0.0745,0.005,9,409.37254200000007,21.764000000000003,281.7013,100897.765,12.0,0.2687535491198183,1000,4000,0,3,"G(120,0.1)",0,5,0.8210806590000175
2000,5.246,6.0,6.0,0.33,10.0,660.0,0.093,0.077,0.0035,6,736.1787475000001,9.7705,3386.1024999999963,116734.477,13.0,0.2617424242424242,1000,4000,0,10,"G(120,0.1)",0,5,1.4755277209997075
2000,5.93,6.0,6.0,0.2655,3.0,531.0,0.1455,0.076,0.004,7,854.262576,27.358,3276.6821,159948.378,13.0,0.34135279347143754,1000,4000,300,3,"G(120,0.1)",0,5,1.7114357239997844
2000,5.2695,6.0,6.0,0.235,10.0,470.0,0.0795,0.0725,0.004,7,1038.3004095000001,6.3545,4548.024049999999,110129.482,12.0,0.3484397163120567,1000,4000,300,10,"G(120,0.1)",0,5,2.0791101260001597
2000,5.8845,7.0,6.0,0.263,3.0,526.0,0.1345,0.0695,0.0045,8,177.897087,22.5995,289.5487999999999,41231.312,11.0,0.3148922686945501,4000,1000,0,3,"G(120,0.1)",0,5,0.36003103199982434
2000,5.2715,6.0,5.0,0.286,10.0,572.0,0.088,0.0765,0.004,8,823.4214199999999,6.412,2726.3856499999956,30035.656,10.0,0.2791375291375291,4000,1000,0,10,"G(120,0.1)",0,5,1.6494790679998914
2000,5.6655,6.0,6.0,0.233,3.0,466.0,0.1255,0.063,0.008,15,496.57020400000005,8.1845,3174.9419999999996,32906.753,12.0,0.35947782546495,4000,1000,300,3,"G(120,0.1)",0,5,0.9959043050002947
2000,5.234,6.0,5.0,0.3035,10.0,607.0,0.0845,0.0755,0.003,6,695.112878,6.144500000000001,4735.156649999999,29020.629,14.0,0.29658154859967056,4000,1000,300,10,"G(120,0.1)",0,5,1.3927531239996824
2000,5.917,7.0,6.0,0.2935,3.0,587.0,0.1525,0.0745,0.005,9,444.59050950000005,22.999499999999998,294.43114999999943,122979.05,12.0,0.2687535491198183,4000,4000,0,3,"G(120,0.1)",0,5,0.891861859999608
2000,5.066,6.0,5.0,0.285,10.0,570.0,0.089,0.0835,0.002,4,686.9274849999999,5.999499999999999,319.5902499999988,114734.483,11.0,0.2749707602339182,4000,4000,0,10,"G(120,0.1)",0,5,1.3761418139997659
2000,5.93,6.0,6.0,0.2655,3.0,531.0,0.1455,0.076,0.004,7,934.6226270000001,27.15,3588.2957499999998,139446.975,13.0,0.34135279347143754,4000,4000,300,3,"G(120,0.1)",0,5,1.872135643999627
2000,5.3385,6.0,5.0,0.2365,10.0,473.0,0.0705,0.0675,0.001,2,846.123875,6.267,461.76789999999977,104162.505,13.0,0.2989957716701903,4000,4000,300,10,"G(120,0.1)",0,5,1.6947440639996785
2000,5.982,7.0,6.0,0.3625,3.0,725.0,0.1795,0.072,0.003,5,164.10947399999998,34.051500000000004,515.496,31903.48,14.0,0.2619425287356323,1000,1000,0,3,"G(120,0.1)",1,5,0.3324924739999915
2000,5.784,7.0,6.0,0.2455,10.0,491.0,0.079,0.0605,0.006,11,794.2701665000001,9.484,5026.193149999999,37245.137,10.0,0.32242023082145277,1000,1000,0,10,"G(120,0.1)",1,5,1.59150648800005
2000,6.0255,7.0,6.0,0.2385,3.0,477.0,0.119,0.054,0.005,9,596.9118385,34.9645,4047.2935999999995,39248.879,13.0,0.35277777777777786,1000,1000,300,3,"G(120,0.1)",1,5,1.1968156060002002
2000,5.6975,6.0,6.0,0.2015,10.0,403.0,0.0715,0.0545,0.005,7,1732.2582275,9.836500000000001,10094.80295,47791.584,15.0,0.39067411083540127,1000,1000,300,10,"G(120,0.1)",1,5,3.467936516000009
2000,6.2155,7.0,6.0,0.4,3.0,800.0,0.19,0.0635,0.0065,12,289.835603,39.533500000000004,354.70004999999986,125197.194,15.0,0.2358541666666667,1000,4000,0,3,"G(120,0.1)",1,5,0.5821594270000787
2000,5.684,7.0,6.0,0.2965,10.0,593.0,0.092,0.066,0.005,9,1365.6792689999997,21.0305,5340.4533,148122.098,14.0,0.30437043282743126,1000,4000,0,10,"G(120,0.1)",1,5,2.734429717999774
2000,5.9945,7.0,6.0,0.4365,3.0,873.0,0.2,0.069,0.0045,8,878.5604099999999,31.872,4064.8361499999996,179479.388,19.0,0.25829515082092414,1000,4000,300,3,"G(120,0.1)",1,5,1.76070980600025
2000,5.39,6.0,6.0,0.3175,10.0,635.0,0.0895,0.0725,0.0075,13,1760.8929419999997,6.9645,7933.4527499999995,157630.079,12.0,0.24867454068241468,1000,4000,300,10,"G(120,0.1)",1,5,3.524632866000047
2000,5.982,7.0,6.0,0.3625,3.0,725.0,0.1795,0.072,0.003,5,130.3421165,30.819000000000003,413.62729999999993,24719.834,14.0,0.2619425287356323,4000,1000,0,3,"G(120,0.1)",1,5,0.2647036379999008
2000,5.504,6.0,6.0,0.414,10.0,828.0,0.1065,0.0795,0.0075,14,2167.932065,8.2295,18875.716149999997,63070.237,16.0,0.26849838969404183,4000,1000,0,10,"G(120,0.1)",1,5,4.339181980999911
2000,6.0255,7.0,6.0,0.2385,3.0,477.0,0.119,0.054,0.005,9,590.386978,30.4105,4005.3343999999993,28010.896,13.0,0.35277777777777786,4000,1000,300,3,"G(120,0.1)",1,5,1.1837384189998374
2000,5.513,6.0,6.0,0.2665,10.0,533.0,0.0805,0.065,0.004,7,1627.343051,7.286,14751.131799999985,48975.709,10.0,0.26368042526579116,4000,1000,300,10,"G(120,0.1)",1,5,3.257874159000039
2000,6.2155,7.0,6.0,0.4,3.0,800.0,0.19,0.0635,0.0065,12,328.84460600000006,58.7575,439.22199999999987,156274.331,15.0,0.2358541666666667,4000,4000,0,3,"G(120,0.1)",1,5,0.6607409660000485
2000,5.5425,7.0,6.0,0.3535,10.0,707.0,0.101,0.0735,0.0065,12,2474.757621,9.154,18841.12955,176834.305,12.0,0.2395921735030646,4000,4000,0,10,"G(120,0.1)",1,5,4.952829467999891
2000,5.9945,7.0,6.0,0.4365,3.0,873.0,0.2,0.069,0.0045,8,849.6205305,39.1085,4289.34025,159430.886,19.0,0.25829515082092414,4000,4000,300,3,"G(120,0.1)",1,5,1.7024447710000459
2000,5.482,6.0,6.0,0.366,10.0,732.0,0.0945,0.0705,0.0055,9,2176.1207645,7.6205,16429.2167,171342.073,15.0,0.2512522768670309,4000,4000,300,10,"G(120,0.1)",1,5,4.355230228999972
2000,5.5675,6.0,6.0,0.113,3.0,226.0,0.063,0.038,0.006,11,194.1460955,7.224500000000001,162.25074999999995,66750.327,7.0,0.48038348082595883,1000,1000,0,3,"G(120,0.1)",2,5,0.39136703399981343
2000,5.015,6.0,5.0,0.1005,7.0,201.0,0.043,0.0425,0.0005,1,81.7057905,5.765499999999999,16.1981,21993.094,6.0,0.504436152570481,1000,1000,0,10,"G(120,0.1)",2,5,0.16543863599963515
2000,5.542,6.0,5.0,0.115,3.0,230.0,0.0655,0.0395,0.004,8,549.7067485,6.935499999999999,3597.5467,28274.201,11.0,0.5284057971014493,1000,1000,300,3,"G(120,0.1)",2,5,1.1020423370000572
2000,5.0,5.0,5.0,0.1,9.0,200.0,0.0415,0.0415,0.0005,0,75.016399,5.689,15.296999999999995,21674.87,6.0,0.4946666666666666,1000,1000,300,10,"G(120,0.1)",2,5,0.15201476599986563
2000,5.6405,6.0,6.0,0.2175,3.0,435.0,0.1165,0.057,0.008,15,738.3668555,7.0865,196.3142,102773.515,10.0,0.38607279693486585,1000,4000,0,3,"G(120,0.1)",2,5,1.4792191950000415
2000,5.015,6.0,5.0,0.1005,7.0,201.0,0.043,0.0425,0.0005,1,242.81131950000002,5.665,18.05609999999994,77635.966,6.0,0.504436152570481,1000,4000,0,10,"G(120,0.1)",2,5,0.4877265330001137
2000,5.49,6.0,5.0,0.098,3.0,196.0,0.058,0.038,0.0045,9,795.8447875,6.5504999999999995,2594.2396999999987,86714.692,8.0,0.555952380952381,1000,4000,300,3,"G(120,0.1)",2,5,1.5941512409999632
2000,5.0,5.0,5.0,0.1,9.0,200.0,0.0415,0.0415,0.0005,0,233.60605799999996,5.68,15.083899999999996,82069.116,6.0,0.4946666666666666,1000,4000,300,10,"G(120,0.1)",2,5,0.4695448830002533
2000,5.5675,6.0,6.0,0.113,3.0,226.0,0.063,0.038,0.006,11,162.73266800000002,6.4505,155.4466,21043.643,7.0,0.48038348082595883,4000,1000,0,3,"G(120,0.1)",2,5,0.3276244939997923
2000,5.0,5.0,5.0,0.1,9.0,200.0,0.0415,0.0415,0.0,0,75.71129300000001,5.695,15.269249999999994,21748.805,6.0,0.4946666666666666,4000,1000,0,10,"G(120,0.1)",2,5,0.15351770500001294
2000,5.542,6.0,5.0,0.115,3.0,230.0,0.0655,0.0395,0.004,8,542.6623530000002,6.845,3614.749,24005.895,11.0,0.5284057971014493,4000,1000,300,3,"G(120,0.1)",2,5,1.0881999200000791
2000,5.0,5.0,5.0,0.1,9.0,200.0,0.0415,0.0415,0.0,0,75.25564449999999,5.62,15.12614999999999,21858.653,6.0,0.4946666666666666,4000,1000,300,10,"G(120,0.1)",2,5,0.15252411199980997
2000,5.6405,6.0,6.0,0.2175,3.0,435.0,0.1165,0.057,0.008,15,746.3688334999999,7.0255,215.73864999999998,107940.174,10.0,0.38607279693486585,4000,4000,0,3,"G(120,0.1)",2,5,1.4957069189999856
2000,5.0,5.0,5.0,0.1,9.0,200.0,0.0415,0.0415,0.0,0,273.3775255,5.643,15.794649999999997,100385.17,6.0,0.4946666666666666,4000,4000,0,10,"G(120,0.1)",2,5,0.5488209579998511
2000,5.49,6.0,5.0,0.098,3.0,196.0,0.058,0.038,0.0045,9,844.798226,6.602,2622.85565,122824.582,8.0,0.555952380952381,4000,4000,300,3,"G(120,0.1)",2,5,1.692293983000127
2000,5.0,5.0,5.0,0.1,9.0,200.0,0.0415,0.0415,0.0,0,228.58731899999998,5.662,14.574049999999987,75056.998,6.0,0.4946666666666666,4000,4000,300,10,"G(120,0.1)",2,5,0.45913705599969035
2000,5.927,7.0,6.0,0.31,3.0,620.0,0.157,0.0715,0.005,9,279.4797515,23.656,349.78819999999985,60067.271,10.0,0.4509290322580646,1000,1000,0,3,"G(250,0.05)",0,5,0.5616068330000417
2000,5.2045,6.0,5.0,0.1935,10.0,387.0,0.065,0.056,0.002,4,376.6390740000001,8.726500000000001,361.37969999999984,46677.791,7.0,0.5094470284237727,1000,1000,0,10,"G(250,0.05)",0,5,0.7557598480002525
2000,5.967,7.0,6.0,0.3425,3.0,685.0,0.1685,0.0715,0.005,9,744.0533690000001,31.711,3987.2329999999997,50312.769,9.0,0.3834452554744525,1000,1000,300,3,"G(250,0.05)",0,5,1.491322004000267
2000,5.281,6.0,5.0,0.251,10.0,502.0,0.0805,0.073,0.003,5,683.434359,8.8885,1460.7996499999988,69217.144,8.0,0.45201593625498004,1000,1000,300,10,"G(250,0.05)",0,5,1.3694761090000611
2000,5.9425,6.0,6.0,0.2885,3.0,577.0,0.1405,0.066,0.003,5,418.89350900000005,25.2405,270.58679999999987,207749.232,9.0,0.44332062391681104,1000,4000,0,3,"G(250,0.05)",0,5,0.8404247950002173
2000,5.2235,6.0,6.0,0.2745,10.0,549.0,0.086,0.0725,0.004,7,1500.9571119999998,8.812000000000001,1551.5051999999998,183876.977,8.0,0.35827322404371587,1000,4000,0,10,"G(250,0.05)",0,5,3.0043676339996637
2000,5.82,6.0,6.0,0.2795,3.0,559.0,0.1435,0.068,0.0035,6,1097.6204840000003,14.932500000000001,3352.96575,239726.326,9.0,0.42190339892665474,1000,4000,300,3,"G(250,0.05)",0,5,2.1980448219997015
2000,5.4295,6.0,6.0,0.1865,10.0,373.0,0.0635,0.0585,0.0025,3,1022.8369624999999,9.3565,4044.4241999999963,210376.38,6.0,0.4740268096514746,1000,4000,300,10,"G(250,0.05)",0,5,2.0481394240000554
2000,5.927,7.0,6.0,0.31,3.0,620.0,0.157,0.0715,0.005,9,261.64160499999997,23.132,311.1838499999998,66963.17,10.0,0.4509290322580646,4000,1000,0,3,"G(250,0.05)",0,5,0.5258524760001819
2000,5.1005,6.0,6.0,0.1875,10.0,375.0,0.0605,0.057,0.0025,4,409.7638075,8.4635,69.9579,49685.322,6.0,0.47894400000000004,4000,1000,0,10,"G(250,0.05)",0,5,0.8218460200000663
2000,5.967,7.0,6.0,0.3425,3.0,685.0,0.1685,0.0715,0.005,9,699.4000255,32.6745,3817.1281499999996,73669.33,9.0,0.3834452554744525,4000,1000,300,3,"G(250,0.05)",0,5,1.4018789329998071
2000,5.1965,6.0,6.0,0.208,10.0,416.0,0.065,0.059,0.0025,4,782.4804905,9.3845,273.0506499999999,62486.881,7.0,0.5020769230769231,4000,1000,300,10,"G(250,0.05)",0,5,1.5676110389999849
2000,5.9425,6.0,6.0,0.2885,3.0,577.0,0.1405,0.066,0.003,5,396.920449,24.9055,238.37934999999976,177397.613,9.0,0.44332062391681104,4000,4000,0,3,"G(250,0.05)",0,5,0.796257321000212
2000,5.1345,6.0,5.0,0.2445,10.0,489.0,0.075,0.0695,0.002,4,931.983929,8.7515,213.73539999999983,172558.119,7.0,0.39164826175869116,4000,4000,0,10,"G(250,0.05)",0,5,1.8665495000000192
2000,5.82,6.0,6.0,0.2795,3.0,559.0,0.1435,0.068,0.0035,6,1126.339632,17.8335,3639.83465,192464.11,9.0,0.42190339892665474,4000,4000,300,3,"G(250,0.05)",0,5,2.2559145059999537
2000,5.092,6.0,5.0,0.2645,10.0,529.0,0.0845,0.078,0.0015,3,1007.7147209999999,8.675,155.2518999999998,195943.531,8.0,0.42390170132325133,4000,4000,300,10,"G(250,0.05)",0,5,2.0180004500002724
2000,5.9665,7.0,6.0,0.348,3.0,696.0,0.1705,0.0765,0.003,5,159.2603245,23.866,265.56645000000003,45656.914,11.0,0.38627586206896547,1000,1000,0,3,"G(250,0.05)",1,5,0.3213797030002752
2000,5.609,6.0,6.0,0.312,10.0,624.0,0.099,0.077,0.0045,8,970.954852,15.862,4801.79665,83184.483,11.0,0.3880897435897437,1000,1000,0,10,"G(250,0.05)",1,5,1.9448899099998016
2000,5.9945,7.0,6.0,0.278,3.0,556.0,0.1375,0.0655,0.001,1,156.13996649999999,39.7885,423.15679999999986,6656.875,7.0,0.4219280575539568,1000,1000,300,3,"G(250,0.05)",1,5,0.31527474700033054
2000,5.274,6.0,5.0,0.33,10.0,660.0,0.096,0.081,0.0025,5,754.160848,8.754999999999999,3752.5660999999936,69008.854,10.0,0.353709090909091,1000,1000,300,10,"G(250,0.05)",1,5,1.5108595589999823
2000,5.923,7.0,6.0,0.3905,3.0,781.0,0.187,0.0745,0.006,11,860.7260805000002,28.3805,349.1497999999999,188498.532,10.0,0.3813521126760564,1000,4000,0,3,"G(250,0.05)",1,5,1.7241216269999313
2000,5.3825,6.0,6.0,0.392,10.0,784.0,0.1035,0.078,0.007,13,2425.6756645,9.3505,4816.9343,297392.586,10.0,0.37293877551020405,1000,4000,0,10,"G(250,0.05)",1,5,4.854109394000261
2000,5.9945,7.0,6.0,0.278,3.0,556.0,0.1375,0.0655,0.001,1,156.8167875,31.9105,320.7607,51264.385,7.0,0.4219280575539568,1000,4000,300,3,"G(250,0.05)",1,5,0.3162061050002194
2000,5.512,6.0,6.0,0.3175,10.0,635.0,0.0925,0.072,0.003,5,1984.6831665000002,10.3555,8241.086349999998,263462.854,8.0,0.37483464566929126,1000,4000,300,10,"G(250,0.05)",1,5,3.97227874400005
2000,5.9665,7.0,6.0,0.348,3.0,696.0,0.1705,0.0765,0.003,5,169.3670505,26.4155,252.16669999999982,66081.503,11.0,0.38627586206896547,4000,1000,0,3,"G(250,0.05)",1,5,0.3413916499998777
2000,5.5305,6.0,6.0,0.398,10.0,796.0,0.111,0.0895,0.003,5,1396.0655649999999,9.624500000000001,11366.626049999993,71240.873,11.0,0.3406231155778894,4000,1000,0,10,"G(250,0.05)",1,5,2.7949689930001114
2000,5.9945,7.0,6.0,0.278,3.0,556.0,0.1375,0.0655,0.001,1,123.5667225,31.3065,320.7494999999999,5837.397,7.0,0.4219280575539568,4000,1000,300,3,"G(250,0.05)",1,5,0.24950947300021653
2000,5.4515,6.0,6.0,0.404,10.0,808.0,0.114,0.0955,0.003,5,1321.5350605,9.212,9597.282249999987,52803.888,9.0,0.33396039603960403,4000,1000,300,10,"G(250,0.05)",1,5,2.6459240119997958
2000,5.923,7.0,6.0,0.3905,3.0,781.0,0.187,0.0745,0.006,11,850.8808660000001,29.346,358.45015,188429.305,10.0,0.3813521126760564,4000,4000,0,3,"G(250,0.05)",1,5,1.7042631919998712
2000,5.4815,6.0,5.0,0.3755,10.0,751.0,0.1085,0.089,0.002,4,2366.8847665,9.232,12546.334799999988,243749.664,9.0,0.33495073235685746,4000,4000,0,10,"G(250,0.05)",1,5,4.73670128599997
2000,5.9945,7.0,6.0,0.278,3.0,556.0,0.1375,0.0655,0.001,1,130.48462849999999,31.7945,327.6431,5752.678,7.0,0.4219280575539568,4000,4000,300,3,"G(250,0.05)",1,5,0.263557837999997
2000,5.543,6.0,6.0,0.436,10.0,872.0,0.1165,0.092,0.0025,4,3934.623574,14.881499999999999,21367.9597,303003.001,10.0,0.34306422018348615,4000,4000,300,10,"G(250,0.05)",1,5,7.87296176899963
2000,5.9555,6.0,6.0,0.2965,3.0,593.0,0.1535,0.079,0.002,3,143.6809955,32.873999999999995,288.5063499999996,43987.439,8.0,0.4204047217537943,1000,1000,0,3,"G(250,0.05)",2,5,0.2900696369997604
2000,5.365,6.0,5.0,0.33,10.0,660.0,0.1,0.08,0.004,8,743.8088035,9.172,4518.364199999999,58353.791,8.0,0.3492727272727272,1000,1000,0,10,"G(250,0.05)",2,5,1.4939428420002514
2000,5.9165,7.0,6.0,0.312,3.0,624.0,0.1595,0.073,0.0045,8,460.798207,27.753999999999998,3217.740799999999,52941.26,8.0,0.41391025641025636,1000,1000,300,3,"G(250,0.05)",2,5,0.9242801519999375
2000,5.369,6.0,6.0,0.2655,10.0,531.0,0.085,0.0685,0.004,7,875.5606395,9.43,7479.244049999999,46212.463,9.0,0.39071186440677974,1000,1000,300,10,"G(250,0.05)",2,5,1.7537553669999397
2000,5.9085,6.0,6.0,0.3235,3.0,647.0,0.1645,0.077,0.003,5,556.4218334999999,42.66,383.723,182570.838,9.0,0.37903554868624423,1000,4000,0,3,"G(250,0.05)",2,5,1.1158110229998783
2000,5.269,6.0,6.0,0.232,10.0,464.0,0.0795,0.071,0.0045,8,1523.5249095000001,10.3355,1340.5440499999945,303501.03,10.0,0.4404655172413794,1000,4000,0,10,"G(250,0.05)",2,5,3.0498060709996935
2000,5.965,7.0,6.0,0.2665,3.0,533.0,0.1385,0.0745,0.0045,8,953.8406830000001,29.008000000000003,811.5831499999883,261977.258,7.0,0.43720075046904316,1000,4000,300,3,"G(250,0.05)",2,5,1.9103755460000684
2000,5.3855,6.0,6.0,0.248,10.0,496.0,0.0765,0.0665,0.0025,3,1578.9655765,9.873,5085.480949999998,281686.833,7.0,0.4105322580645161,1000,4000,300,10,"G(250,0.05)",2,5,3.160917951999636
2000,5.9555,6.0,6.0,0.2965,3.0,593.0,0.1535,0.079,0.002,3,149.031913,32.4975,300.36059999999986,45232.628,8.0,0.4204047217537943,4000,1000,0,3,"G(250,0.05)",2,5,0.30102169999963735
2000,5.332,6.0,5.0,0.278,10.0,556.0,0.081,0.072,0.0025,5,718.847807,8.773,740.3408999999992,51760.926,10.0,0.4249064748201439,4000,1000,0,10,"G(250,0.05)",2,5,1.4401788360000864
2000,5.9165,7.0,6.0,0.312,3.0,624.0,0.1595,0.073,0.0045,8,443.97466650000007,26.4005,3151.40535,46717.39,8.0,0.41391025641025636,4000,1000,300,3,"G(250,0.05)",2,5,0.8905775600001107
2000,5.2145,6.0,5.0,0.3345,10.0,669.0,0.0945,0.0845,0.0015,3,881.577527,8.744,3586.143649999994,46133.636,10.0,0.3506666666666667,4000,1000,300,10,"G(250,0.05)",2,5,1.7656646460000047
2000,5.9085,6.0,6.0,0.3235,3.0,647.0,0.1645,0.077,0.003,5,540.17756,34.9215,310.95879999999994,192552.641,9.0,0.37903554868624423,4000,4000,0,3,"G(250,0.05)",2,5,1.083019110999885
2000,5.1485,6.0,5.0,0.302,10.0,604.0,0.0895,0.0795,0.0025,5,1798.7764610000002,9.159,1167.2957999999985,250587.006,10.0,0.3939735099337749,4000,4000,0,10,"G(250,0.05)",2,5,3.6000864659999934
2000,5.965,7.0,6.0,0.2665,3.0,533.0,0.1385,0.0745,0.0045,8,920.6709735,29.187,1187.31775,215944.323,7.0,0.43720075046904316,4000,4000,300,3,"G(250,0.05)",2,5,1.8440958040000623
2000,5.2565,6.0,5.0,0.2815,10.0,563.0,0.0805,0.072,0.002,4,1706.7533139999998,8.969,3445.9595999999874,232305.872,9.0,0.4021527531083482,4000,4000,300,10,"G(250,0.05)",2,5,3.416172695000114
2000,14.553,16.0,14.0,0.187,3.0,374.0,0.0915,0.0385,0.005,9,358.494287,10.16,809.9353999999997,66837.011,6.0,0.43724598930481284,1000,1000,0,3,"G(200,0.3)",0,13,0.7212225610001042
2000,14.5265,15.0,14.0,0.1695,10.0,339.0,0.0585,0.0415,0.0035,6,976.6724325,12.192,5312.42765,60515.71,8.0,0.5034955752212391,1000,1000,0,10,"G(200,0.3)",0,13,1.9579094870000517
2000,14.537,16.0,14.0,0.293,3.0,586.0,0.137,0.0365,0.0075,14,1389.9594929999998,41.042500000000004,8141.88955,163511.316,10.0,0.4110409556313994,1000,1000,300,3,"G(200,0.3)",0,13,2.7833720880003057
2000,14.203,15.0,14.0,0.1685,10.0,337.0,0.0495,0.037,0.0045,6,1734.474657,8.302,15738.577299999997,94201.511,8.0,0.47345697329376857,1000,1000,300,10,"G(200,0.3)",0,13,3.4723817279996183
2000,14.8185,16.0,15.0,0.427,3.0,854.0,0.1825,0.0395,0.0055,9,636.9427245,84.7685,999.9665499999999,315749.603,12.0,0.33023419203747073,1000,4000,0,3,"G(200,0.3)",0,13,1.2770595880001565
2000,14.5945,16.0,14.0,0.3495,10.0,699.0,0.084,0.0375,0.0065,12,1737.3594475,151.58749999999998,6295.02625,248786.406,10.0,0.33438483547925624,1000,4000,0,10,"G(200,0.3)",0,13,3.4785761200000707
2000,15.11,16.0,16.0,0.4185,3.0,837.0,0.1865,0.0415,0.005,7,1524.222463,176.8955,7663.916399999999,236639.84,10.0,0.26429510155316627,1000,4000,300,3,"G(200,0.3)",0,13,3.052183670999966
2000,14.1075,15.0,14.0,0.2565,10.0,513.0,0.067,0.0375,0.0045,7,4126.8683475,153.015,23639.380249999984,251208.477,9.0,0.4050584795321639,1000,4000,300,10,"G(200,0.3)",0,13,8.258041149000292
2000,14.553,16.0,14.0,0.187,3.0,374.0,0.0915,0.0385,0.005,9,448.0985185,14.048,1122.92875,89437.992,6.0,0.43724598930481284,4000,1000,0,3,"G(200,0.3)",0,13,0.8991826439996657
2000,14.478,15.0,15.0,0.2035,10.0,407.0,0.057,0.042,0.005,8,2580.113076,17.296,19763.31255,65967.248,6.0,0.41952088452088465,4000,1000,0,10,"G(200,0.3)",0,13,5.164397138999902
2000,14.537,16.0,14.0,0.293,3.0,586.0,0.137,0.0365,0.0075,14,1289.548184,39.7415,8171.985849999999,65306.638,10.0,0.4110409556313994,4000,1000,300,3,"G(200,0.3)",0,13,2.582574012999885
2000,14.0,15.0,14.0,0.252,10.0,504.0,0.061,0.0445,0.0055,8,5557.9447305,10.8755,43694.07479999998,155511.464,10.0,0.43005952380952395,4000,1000,300,10,"G(200,0.3)",0,13,11.123669041000085
2000,14.8185,16.0,15.0,0.427,3.0,854.0,0.1825,0.0395,0.0055,9,735.073821,83.953,1178.8854,260790.62,12.0,0.33023419203747073,4000,4000,0,3,"G(200,0.3)",0,13,1.4738906120001047
2000,14.28,15.0,14.0,0.313,10.0,626.0,0.0755,0.045,0.004,7,5678.36123,193.7545,38890.22784999998,387485.353,10.0,0.3648562300319489,4000,4000,0,10,"G(200,0.3)",0,13,11.365181430999655
2000,15.11,16.0,16.0,0.4185,3.0,837.0,0.1865,0.0415,0.005,7,1503.5246090000003,180.3435,7546.798049999999,239330.037,10.0,0.26429510155316627,4000,4000,300,3,"G(200,0.3)",0,13,3.011001433000274
2000,14.0775,15.0,14.0,0.257,10.0,514.0,0.0665,0.04,0.004,7,5684.549864,195.8675,36439.49909999999,225220.407,10.0,0.4108365758754864,4000,4000,300,10,"G(200,0.3)",0,13,11.373398772999735
2000,14.6435,16.0,15.0,0.182,3.0,364.0,0.094,0.045,0.006,10,325.71554849999995,8.6325,608.5514999999997,77908.02,8.0,0.5312637362637365,1000,1000,0,3,"G(200,0.3)",1,13,0.6543395130001954
2000,14.3555,16.0,15.0,0.178,10.0,356.0,0.062,0.0465,0.0045,7,988.5062555,10.719000000000001,5114.444099999999,78840.343,7.0,0.5185112359550563,1000,1000,0,10,"G(200,0.3)",1,13,1.9802325180003209
2000,14.556,16.0,16.0,0.1545,3.0,309.0,0.0825,0.0415,0.004,5,684.5522390000001,7.9565,6122.305349999997,75461.751,6.0,0.5301456310679613,1000,1000,300,3,"G(200,0.3)",1,13,1.371902387999853
2000,14.2365,16.0,15.0,0.1175,10.0,235.0,0.0425,0.037,0.004,2,1434.786059,8.8735,16268.917749999997,75791.312,5.0,0.5420638297872342,1000,1000,300,10,"G(200,0.3)",1,13,2.8727952899998854
2000,14.94,16.0,15.0,0.3055,3.0,611.0,0.134,0.035,0.0035,5,787.4474150000001,99.077,951.3550999999995,267897.75,8.0,0.3324631751227496,1000,4000,0,3,"G(200,0.3)",1,13,1.577845480999713
2000,14.4785,16.0,15.0,0.2345,10.0,469.0,0.0635,0.0365,0.006,10,3181.5547354999994,124.1385,10023.073749999992,421473.907,8.0,0.4459381663113007,1000,4000,0,10,"G(200,0.3)",1,13,6.367059039000196
2000,14.4525,16.0,15.0,0.3845,3.0,769.0,0.1705,0.0405,0.0075,13,2654.9456950000003,62.539,9121.229549999991,495544.248,12.0,0.35505201560468147,1000,4000,300,3,"G(200,0.3)",1,13,5.313484148000043
2000,14.3295,15.0,15.0,0.128,10.0,256.0,0.0425,0.0385,0.003,1,3845.2837950000003,8.940999999999999,24227.865649999996,459278.58,5.0,0.5190234375,1000,4000,300,10,"G(200,0.3)",1,13,7.694188320999729
2000,14.6435,16.0,15.0,0.182,3.0,364.0,0.094,0.045,0.006,10,323.59803099999993,8.332,612.5528499999997,78451.213,8.0,0.5312637362637365,4000,1000,0,3,"G(200,0.3)",1,13,0.6496786639995662
2000,14.1915,16.0,15.0,0.1595,10.0,319.0,0.052,0.042,0.0035,5,1743.8910150000002,8.48,19036.664599999996,95955.233,8.0,0.5172884012539185,4000,1000,0,10,"G(200,0.3)",1,13,3.4911007949999657
2000,14.556,16.0,16.0,0.1545,3.0,309.0,0.0825,0.0415,0.004,5,745.2853275,7.904,6159.4234,76380.565,6.0,0.5301456310679613,4000,1000,300,3,"G(200,0.3)",1,13,1.4935380720003195
2000,14.2,15.0,15.0,0.1285,10.0,257.0,0.0465,0.042,0.003,3,3453.785108,8.4195,30073.898349999985,99328.592,4.0,0.489591439688716,4000,1000,300,10,"G(200,0.3)",1,13,6.910799897999823
2000,14.94,16.0,15.0,0.3055,3.0,611.0,0.134,0.035,0.0035,5,1173.9493544999998,113.75,1182.6833499999993,612102.294,8.0,0.3324631751227496,4000,4000,0,3,"G(200,0.3)",1,13,2.355248630999995
2000,14.2465,16.0,15.0,0.2905,10.0,581.0,0.0775,0.0485,0.006,10,5103.818353000001,103.724,25701.121699999985,402767.713,9.0,0.3816092943201379,4000,4000,0,10,"G(200,0.3)",1,13,10.215717856999618
2000,14.4525,16.0,15.0,0.3845,3.0,769.0,0.1705,0.0405,0.0075,13,2497.9474184999995,57.891999999999996,9077.389699999996,590110.036,12.0,0.35505201560468147,4000,4000,300,3,"G(200,0.3)",1,13,4.999489144000108
2000,14.2335,15.0,15.0,0.1335,10.0,267.0,0.0445,0.04,0.0025,2,2877.7471585,8.367,26384.97274999999,602559.962,5.0,0.5013670411985021,4000,4000,300,10,"G(200,0.3)",1,13,5.758752358000038
2000,14.591,16.0,15.0,0.182,3.0,364.0,0.0885,0.0365,0.004,6,481.2056505,13.8335,747.6042999999999,99074.672,7.0,0.5263736263736265,1000,1000,0,3,"G(200,0.3)",2,13,0.9653943719999916
2000,14.529,16.0,15.0,0.106,10.0,212.0,0.0405,0.032,0.004,6,1208.2038555000001,9.733,8099.494699999996,116266.36,7.0,0.5674056603773585,1000,1000,0,10,"G(200,0.3)",2,13,2.4207186620001266
2000,14.827,16.0,15.0,0.2055,3.0,411.0,0.096,0.036,0.004,6,1092.9754745,32.9825,7330.3438499999975,113357.172,9.0,0.47945255474452564,1000,1000,300,3,"G(200,0.3)",2,13,2.2013751150002463
2000,14.0885,15.0,15.0,0.156,10.0,312.0,0.044,0.0385,0.004,2,973.4550589999999,6.798,6251.79085,73689.71,7.0,0.5224358974358976,1000,1000,300,10,"G(200,0.3)",2,13,1.9504080149999936
2000,15.0695,16.0,15.0,0.417,3.0,834.0,0.1815,0.0455,0.005,8,820.5746585,96.39949999999999,2521.6846499999997,269781.089,13.0,0.32022781774580356,1000,4000,0,3,"G(200,0.3)",2,13,1.6446493250000458
2000,14.704,16.0,15.0,0.2625,10.0,525.0,0.0755,0.042,0.005,8,1985.4822445,137.7595,9017.67425,245970.721,12.0,0.4033619047619048,1000,4000,0,10,"G(200,0.3)",2,13,3.9747832259999996
2000,14.8125,16.0,15.0,0.4885,3.0,977.0,0.207,0.0465,0.0055,9,1726.1344145,129.0035,9226.068599999999,179761.374,11.0,0.27635107471852627,1000,4000,300,3,"G(200,0.3)",2,13,3.4563313130001916
2000,14.4295,15.0,14.0,0.25,10.0,500.0,0.064,0.0395,0.0065,8,3066.2614505,169.80599999999998,19655.2088,170079.519,8.0,0.42098000000000013,1000,4000,300,10,"G(200,0.3)",2,13,6.136632135999662
2000,14.591,16.0,15.0,0.182,3.0,364.0,0.0885,0.0365,0.004,6,475.718662,8.87,738.3319999999994,89685.938,7.0,0.5263736263736265,4000,1000,0,3,"G(200,0.3)",2,13,0.9541298330000245
2000,14.357,15.0,15.0,0.1655,10.0,331.0,0.047,0.0345,0.0045,7,2751.2109004999993,7.971500000000001,20170.45355,120494.76,8.0,0.5670543806646526,4000,1000,0,10,"G(200,0.3)",2,13,5.5059468590002325
2000,14.827,16.0,15.0,0.2055,3.0,411.0,0.096,0.036,0.004,6,716.725923,33.849000000000004,5782.857399999999,58456.825,9.0,0.47945255474452564,4000,1000,300,3,"G(200,0.3)",2,13,1.4370114710000053
2000,14.247,15.0,15.0,0.136,10.0,272.0,0.0415,0.033,0.0035,4,2114.5389105,7.32,24410.601199999997,80395.667,7.0,0.5065441176470589,4000,1000,300,10,"G(200,0.3)",2,13,4.2322570040000755
2000,15.0695,16.0,15.0,0.417,3.0,834.0,0.1815,0.0455,0.005,8,512.0726065,103.5945,1091.1638499999992,167511.6,13.0,0.32022781774580356,4000,4000,0,3,"G(200,0.3)",2,13,1.0274067929999546
2000,14.4805,16.0,15.0,0.261,10.0,522.0,0.0705,0.0415,0.004,6,4099.8210070000005,143.1755,21299.0883,180927.116,9.0,0.38703065134099623,4000,4000,0,10,"G(200,0.3)",2,13,8.203788423999868
2000,14.8125,16.0,15.0,0.4885,3.0,977.0,0.207,0.0465,0.0055,9,1220.101152,122.727,7216.01055,80725.494,11.0,0.27635107471852627,4000,4000,300,3,"G(200,0.3)",2,13,2.4435975830001553
2000,14.236,15.0,14.0,0.389,10.0,778.0,0.0815,0.0425,0.0065,10,6088.4051795,198.33350000000002,34033.628549999994,166790.017,12.0,0.3290102827763497,4000,4000,300,10,"G(200,0.3)",2,13,12.181240356999751
2000,26.219,28.0,26.0,0.293,3.0,586.0,0.127,0.0305,0.006,11,700.075609,84.9495,2584.775549999999,84108.044,12.0,0.4308395904436859,1000,1000,0,3,"G(250,0.5)",0,25,1.4039533620002658
2000,26.2285,27.0,26.0,0.155,10.0,310.0,0.049,0.0295,0.005,9,1659.8178585,130.32,7154.810399999999,145751.323,7.0,0.5885935483870968,1000,1000,0,10,"G(250,0.5)",0,25,3.323777881999831
2000,26.2095,28.0,26.0,0.279,3.0,558.0,0.1205,0.031,0.0045,8,1601.312176,74.4235,13970.656599999998,71151.453,7.0,0.40802867383512553,1000,1000,300,3,"G(250,0.5)",0,25,3.2077402580002854
2000,25.954,27.0,26.0,0.177,10.0,354.0,0.0465,0.0285,0.005,6,5076.910105999999,132.9685,32286.61365,125567.463,6.0,0.5247909604519774,1000,1000,300,10,"G(250,0.5)",0,25,10.158230113999707
2000,26.7275,28.0,26.0,0.3945,3.0,789.0,0.1685,0.0315,0.0055,10,588.2499085,136.1235,2393.743499999999,135096.129,11.0,0.4118479087452471,1000,4000,0,3,"G(250,0.5)",0,25,1.179899165000279
2000,26.205,27.0,26.0,0.1755,10.0,351.0,0.054,0.0285,0.005,9,1487.316367,107.19300000000001,7129.1305,122691.323,6.0,0.548911680911681,1000,4000,0,10,"G(250,0.5)",0,25,2.9788857319999806
2000,26.6465,28.0,26.0,0.427,3.0,854.0,0.177,0.0325,0.006,11,1930.7648085,184.6845,12978.449149999997,129164.82,10.0,0.37121311475409846,1000,4000,300,3,"G(250,0.5)",0,25,3.8655507880002915
2000,25.911,27.0,26.0,0.194,10.0,388.0,0.049,0.031,0.004,5,5738.860890000001,226.142,33066.4304,232370.605,8.0,0.5026391752577319,1000,4000,300,10,"G(250,0.5)",0,25,11.482492899000135
2000,26.219,28.0,26.0,0.293,3.0,586.0,0.127,0.0305,0.006,11,609.506571,77.652,2153.4959499999995,72692.472,12.0,0.4308395904436859,4000,1000,0,3,"G(250,0.5)",0,25,1.222012299999733
2000,25.7155,27.0,25.0,0.1945,10.0,389.0,0.054,0.03,0.0025,5,4996.416122,116.5095,27163.1753,111355.101,6.0,0.5148483290488433,4000,1000,0,10,"G(250,0.5)",0,25,9.998092552999879
2000,26.2095,28.0,26.0,0.279,3.0,558.0,0.1205,0.031,0.0045,8,1464.1220065,69.22550000000001,13599.58165,68916.228,7.0,0.40802867383512553,4000,1000,300,3,"G(250,0.5)",0,25,2.9327528940002594
2000,25.649,27.0,26.0,0.1855,10.0,371.0,0.0435,0.0285,0.0055,7,7806.367086,29.845,51835.3745,139931.549,6.0,0.5392452830188679,4000,1000,300,10,"G(250,0.5)",0,25,15.617219298000236
2000,26.7275,28.0,26.0,0.3945,3.0,789.0,0.1685,0.0315,0.0055,10,638.40785,139.3655,2650.620099999999,139941.38,11.0,0.4118479087452471,4000,4000,0,3,"G(250,0.5)",0,25,1.2805490729997473
2000,26.0195,27.0,27.0,0.2695,10.0,539.0,0.0645,0.031,0.0065,11,6646.813561,216.777,31134.589949999998,316832.506,9.0,0.45204452690166974,4000,4000,0,10,"G(250,0.5)",0,25,13.302827654000339
2000,26.4625,28.0,26.0,0.4025,3.0,805.0,0.174,0.0345,0.0055,10,1345.1951119999999,179.412,10301.903749999978,127489.299,10.0,0.38745341614906836,4000,4000,300,3,"G(250,0.5)",0,25,2.694541811000363
2000,26.7435,28.0,27.0,0.1695,10.0,339.0,0.046,0.032,0.002,2,8735.3652645,178.242,50394.8349,213618.909,6.0,0.5099823008849558,4000,4000,300,10,"G(250,0.5)",0,25,17.476358468999933
2000,26.2335,28.0,27.0,0.2315,3.0,463.0,0.105,0.0285,0.0075,12,667.916517,66.017,2768.54135,60911.734,11.0,0.5168984881209504,1000,1000,0,3,"G(250,0.5)",1,24,1.339736690999871
2000,26.357,27.0,26.0,0.151,10.0,302.0,0.0455,0.028,0.0045,7,1554.4959755,81.1755,6989.82195,105597.176,8.0,0.5701721854304636,1000,1000,0,10,"G(250,0.5)",1,24,3.112913725999988
2000,26.049,28.0,26.0,0.213,3.0,426.0,0.1005,0.028,0.0075,13,1745.509864,60.964,13872.46835,84317.456,9.0,0.5288075117370892,1000,1000,300,3,"G(250,0.5)",1,24,3.4949796600003538
2000,25.947,27.0,27.0,0.132,10.0,264.0,0.04,0.0295,0.005,5,4642.19606,22.0845,31374.395949999995,115134.613,5.0,0.5307878787878788,1000,1000,300,10,"G(250,0.5)",1,24,9.288491674999932
2000,26.166,27.0,27.0,0.378,3.0,756.0,0.159,0.033,0.008,13,884.093218,147.07850000000002,2559.8209999999985,257935.775,9.0,0.3795132275132276,1000,4000,0,3,"G(250,0.5)",1,24,1.7718309400002
2000,26.125,28.0,27.0,0.232,10.0,464.0,0.0645,0.0345,0.009,15,2271.890713,145.14550000000003,7807.36835,334130.748,8.0,0.5187758620689655,1000,4000,0,10,"G(250,0.5)",1,24,4.548561711000275
2000,26.1715,28.0,26.0,0.4665,3.0,933.0,0.2005,0.036,0.0115,20,3401.3597425,159.05450000000002,17627.552449999996,228595.518,13.0,0.3565830653804931,1000,4000,300,3,"G(250,0.5)",1,24,6.8088908849999825
2000,26.1395,27.0,26.0,0.1895,10.0,379.0,0.052,0.033,0.007,9,5814.396496000001,154.86950000000002,31831.179749999996,341294.858,8.0,0.5012875989445911,1000,4000,300,10,"G(250,0.5)",1,24,11.633380072999898
2000,26.3165,28.0,26.0,0.3445,3.0,689.0,0.1535,0.0365,0.01,18,740.633313,78.307,2817.029499999998,59006.169,10.0,0.43824092888243826,4000,1000,0,3,"G(250,0.5)",1,24,1.4847329639997042
2000,25.556,27.0,26.0,0.1755,10.0,351.0,0.0485,0.0305,0.005,8,4609.533252499999,13.303,26597.2764,118539.537,7.0,0.4841367521367521,4000,1000,0,10,"G(250,0.5)",1,24,9.22329561100014
2000,26.27,28.0,27.0,0.283,3.0,566.0,0.1255,0.034,0.007,11,2954.1465115,110.3305,16393.202799999995,94750.889,10.0,0.4403109540636043,4000,1000,300,3,"G(250,0.5)",1,24,5.9128649580002275
2000,26.0945,27.0,27.0,0.1525,10.0,305.0,0.041,0.028,0.0035,4,7741.800993,54.840500000000006,52666.881049999996,167047.949,6.0,0.5350163934426229,4000,1000,300,10,"G(250,0.5)",1,24,15.488332574000196
2000,26.112,27.0,26.0,0.377,3.0,754.0,0.161,0.0315,0.008,14,1018.6979920000001,153.42700000000002,2537.2246999999993,229996.408,9.0,0.4068753315649867,4000,4000,0,3,"G(250,0.5)",1,24,2.0409850690002713
2000,25.901,27.0,26.0,0.183,10.0,366.0,0.049,0.0285,0.0055,9,5461.0884320000005,180.062,27343.302,370789.546,7.0,0.5253551912568306,4000,4000,0,10,"G(250,0.5)",1,24,10.926938682000127
2000,26.091,28.0,25.0,0.3375,3.0,675.0,0.1505,0.033,0.0085,16,2506.565473,114.9565,14020.215049999999,250121.332,10.0,0.4237214814814816,4000,4000,300,3,"G(250,0.5)",1,24,5.017411168999843
2000,25.6465,27.0,26.0,0.2425,10.0,485.0,0.0595,0.033,0.009,11,9757.319176,206.428,53118.48484999999,375209.086,10.0,0.47408659793814434,4000,4000,300,10,"G(250,0.5)",1,24,19.51954769399981
2000,26.1815,27.0,26.0,0.308,3.0,616.0,0.1315,0.028,0.0065,10,971.1376940000001,101.012,4220.22855,178577.204,16.0,0.504948051948052,1000,1000,0,3,"G(250,0.5)",2,24,1.9459689519999301
2000,25.8065,27.0,27.0,0.114,10.0,228.0,0.04,0.023,0.0045,6,2108.125482,144.2535,10388.118849999997,165950.515,6.0,0.6540350877192982,1000,1000,0,10,"G(250,0.5)",2,24,4.233074722999845
2000,26.088,27.0,27.0,0.1775,3.0,355.0,0.089,0.0305,0.008,12,2403.534471,67.5265,14619.787499999999,68910.162,6.0,0.5973521126760564,1000,1000,300,3,"G(250,0.5)",2,24,4.811473165999814
2000,25.5375,27.0,26.0,0.146,10.0,292.0,0.0355,0.028,0.0045,5,5138.800332999999,14.101500000000001,33407.8705,150409.791,7.0,0.5926301369863014,1000,1000,300,10,"G(250,0.5)",2,24,10.281972088999737
2000,26.072,28.0,26.0,0.367,3.0,734.0,0.157,0.0275,0.008,14,930.484088,122.5865,2817.673699999997,220755.086,11.0,0.4235422343324251,1000,4000,0,3,"G(250,0.5)",2,24,1.864355706000424
2000,25.9115,27.0,26.0,0.1415,10.0,283.0,0.041,0.024,0.0035,5,1839.865814,163.202,7636.363999999999,221961.205,9.0,0.6175689045936397,1000,4000,0,10,"G(250,0.5)",2,24,3.683963920000224
2000,26.3185,28.0,27.0,0.2645,3.0,529.0,0.1175,0.0275,0.004,5,1328.159057,116.10300000000001,10871.164549999987,157845.203,8.0,0.502102079395085,1000,4000,300,3,"G(250,0.5)",2,24,2.6601831970001513
2000,25.1365,26.0,25.0,0.175,10.0,350.0,0.045,0.0265,0.006,8,5428.140994,237.2665,30618.48,247112.167,7.0,0.5444114285714285,1000,4000,300,10,"G(250,0.5)",2,24,10.860812813999928
2000,26.1815,27.0,26.0,0.308,3.0,616.0,0.1315,0.028,0.0065,10,640.067222,89.0445,2511.7165499999996,64137.411,16.0,0.504948051948052,4000,1000,0,3,"G(250,0.5)",2,24,1.283467668999947
2000,25.9715,27.0,27.0,0.137,10.0,274.0,0.0405,0.026,0.005,7,4663.5748895,86.06700000000001,26624.137199999997,128201.928,6.0,0.6043795620437957,4000,1000,0,10,"G(250,0.5)",2,24,9.331352960000004
2000,26.088,27.0,27.0,0.1775,3.0,355.0,0.089,0.0305,0.008,12,2229.9244919999996,66.92699999999999,14019.6064,68289.337,6.0,0.5973521126760564,4000,1000,300,3,"G(250,0.5)",2,24,4.464324513000065
2000,25.887,27.0,26.0,0.1365,10.0,273.0,0.037,0.025,0.0035,5,6418.548296,36.321,49119.32805,110164.527,6.0,0.6205567765567765,4000,1000,300,10,"G(250,0.5)",2,24,12.841283593000298
2000,26.072,28.0,26.0,0.367,3.0,734.0,0.157,0.0275,0.008,14,916.468676,132.786,2898.870149999996,211650.998,11.0,0.4235422343324251,4000,4000,0,3,"G(250,0.5)",2,24,1.836648121000053
2000,25.852,28.0,27.0,0.1865,10.0,373.0,0.0515,0.03,0.0075,12,6014.055896500001,264.27250000000004,27729.426,345710.662,7.0,0.5738445040214477,4000,4000,0,10,"G(250,0.5)",2,24,12.032976290999613
2000,26.3185,28.0,27.0,0.2645,3.0,529.0,0.1175,0.0275,0.004,5,1391.8260105,113.39949999999999,11086.472199999991,121669.582,8.0,0.502102079395085,4000,4000,300,3,"G(250,0.5)",2,24,2.787958579000133
2000,25.7895,27.0,26.0,0.1895,10.0,379.0,0.048,0.0275,0.005,5,8272.9968555,227.34199999999998,49640.73895,304523.092,10.0,0.5364327176781003,4000,4000,300,10,"G(250,0.5)",2,24,16.550644017000195
