updates,mean_colours,max_colours,final_colours,mean_recoloured,max_recoloured,total_recoloured,share_updates_recolouring,conflict_rate,new_colour_rate,eliminations,mean_time_us,median_time_us,p95_time_us,max_time_us,max_recolourings_per_vertex,gini_recolourings,search_nodes,plan_iters,R,graph,seed,wall_s
2000,5.7045,6.0,6.0,0.2205,3.0,441.0,0.115,0.053,0.0055,11,231.11143650000002,11.6415,253.61964999999972,44011.337,12.0,0.34718442932728655,250,1000,3,"G(120,0.1)",0,0.4724337130001004
2000,6.0245,7.0,7.0,0.3615,3.0,723.0,0.1765,0.076,0.0025,4,141.351602,28.2515,340.44854999999984,29120.503,13.0,0.2501498386353158,250,1000,3,"G(120,0.1)",1,0.3025010910000674
2000,5.617,6.0,5.0,0.1655,3.0,331.0,0.0905,0.0505,0.0055,11,217.236267,6.81,168.7193,28201.764,9.0,0.44539274924471295,250,1000,3,"G(120,0.1)",2,0.43893529399974796
2000,5.927,7.0,6.0,0.28,3.0,560.0,0.142,0.071,0.003,5,194.73214450000003,34.1535,333.6439999999999,50099.322,8.0,0.44561428571428574,250,1000,3,"G(250,0.05)",0,0.39393640099979166
2000,5.946,7.0,6.0,0.302,3.0,604.0,0.1495,0.0705,0.004,8,239.962873,30.7235,288.2917999999999,50162.211,9.0,0.417430463576159,250,1000,3,"G(250,0.05)",1,0.48314969299963195
2000,5.8955,7.0,6.0,0.3145,3.0,629.0,0.155,0.068,0.0035,6,221.176082,21.34,264.48059999999987,46187.904,10.0,0.3931891891891892,250,1000,3,"G(250,0.05)",2,0.44499860499990973
2000,15.059,16.0,15.0,0.2525,3.0,505.0,0.1165,0.045,0.003,6,239.68884350000002,29.339,852.7569499999997,39105.508,8.0,0.40123762376237626,250,1000,3,"G(200,0.3)",0,0.4820959710000352
2000,15.177,16.0,15.0,0.2465,3.0,493.0,0.108,0.031,0.004,9,239.8281605,47.9715,740.37635,42786.743,8.0,0.3956693711967547,250,1000,3,"G(200,0.3)",1,0.48252913299984357
2000,15.6425,17.0,16.0,0.241,3.0,482.0,0.107,0.0375,0.003,6,192.454551,39.982,780.9488999999999,39274.728,8.0,0.4126556016597511,250,1000,3,"G(200,0.3)",2,0.38764742200010005
2000,5.4795,6.0,6.0,0.2385,10.0,477.0,0.084,0.0705,0.0085,17,322.162158,7.262499999999999,1113.9752499999997,41388.783,9.0,0.29051362683438153,250,1000,10,"G(120,0.1)",0,0.6471415450000677
2000,5.8455,6.0,6.0,0.269,10.0,538.0,0.092,0.0645,0.004,8,385.594325,13.379,1261.7022499999998,32206.125,12.0,0.269640644361834,250,1000,10,"G(120,0.1)",1,0.7741098799997417
2000,5.1355,6.0,5.0,0.125,9.0,250.0,0.054,0.052,0.0015,3,109.15217799999999,5.9275,39.60604999999999,25700.062,8.0,0.4716666666666667,250,1000,10,"G(120,0.1)",2,0.22082633800027907
2000,5.6115,6.0,5.0,0.2425,10.0,485.0,0.0875,0.069,0.003,6,421.804943,10.472999999999999,1223.1433499999998,48838.282,8.0,0.43735257731958765,250,1000,10,"G(250,0.05)",0,0.846238116999757
2000,5.819,7.0,6.0,0.2495,10.0,499.0,0.092,0.069,0.004,8,389.172505,48.2515,1556.4952499999997,65333.699,9.0,0.49393987975951914,250,1000,10,"G(250,0.05)",1,0.781358991000161
2000,5.835,7.0,6.0,0.2685,10.0,537.0,0.0925,0.0755,0.003,5,488.2097105,42.25,1345.1910499999997,59031.289,11.0,0.463754189944134,250,1000,10,"G(250,0.05)",2,0.9797201579999637
2000,14.7985,16.0,15.0,0.212,10.0,424.0,0.0665,0.0365,0.0035,7,391.17277400000006,61.054,1639.5761999999997,61603.7,7.0,0.40719339622641515,250,1000,10,"G(200,0.3)",0,0.7857588090000718
2000,15.116,17.0,15.0,0.2195,10.0,439.0,0.062,0.034,0.006,13,599.1811095,64.524,1809.7549499999996,68322.426,8.0,0.4165717539863327,250,1000,10,"G(200,0.3)",1,1.2017021120000209
2000,15.1195,16.0,15.0,0.316,10.0,632.0,0.087,0.0475,0.0065,14,676.7705100000001,127.668,2185.2469999999994,41753.802,11.0,0.38572784810126604,250,1000,10,"G(200,0.3)",2,1.3568425439998464
2000,5.803,7.0,5.0,0.312,3.0,624.0,0.156,0.07,0.008,17,805.5235195,11.8065,296.16799999999995,130621.432,12.0,0.27604166666666674,250,4000,3,"G(120,0.1)",0,1.6149050539997916
2000,5.917,7.0,6.0,0.2975,3.0,595.0,0.1485,0.0655,0.003,6,467.779956,20.768,294.75845,171756.289,11.0,0.2757843137254903,250,4000,3,"G(120,0.1)",1,0.9383095080002022
2000,5.3785,6.0,5.0,0.127,3.0,254.0,0.075,0.046,0.007,14,765.3546749999999,6.6395,143.7813,103202.077,7.0,0.41364829396325464,250,4000,3,"G(120,0.1)",2,1.5332614789999752
2000,5.781,7.0,6.0,0.264,3.0,528.0,0.1355,0.062,0.0055,10,1070.8457549999998,13.7985,287.91779999999994,182675.722,8.0,0.4644242424242424,250,4000,3,"G(250,0.05)",0,2.144464235000214
2000,5.8405,7.0,6.0,0.2965,3.0,593.0,0.1505,0.073,0.0035,7,979.4083830000001,25.319,285.16259999999994,230518.167,9.0,0.41488701517706583,250,4000,3,"G(250,0.05)",1,1.9622269020001113
2000,5.9515,7.0,6.0,0.287,3.0,574.0,0.149,0.0715,0.0025,4,351.0484915,33.7415,313.1947999999999,208921.278,8.0,0.4131846689895471,250,4000,3,"G(250,0.05)",2,0.7054184190001251
2000,15.277,16.0,15.0,0.394,3.0,788.0,0.1715,0.043,0.004,8,286.7698355,34.5205,794.1569999999999,166141.505,12.0,0.29498730964467024,250,4000,3,"G(200,0.3)",0,0.5765156860002207
2000,15.1625,16.0,15.0,0.2665,3.0,533.0,0.1165,0.0305,0.004,9,488.531043,48.377,739.5118499999999,144421.286,8.0,0.3750562851782364,250,4000,3,"G(200,0.3)",1,0.979870511000172
2000,15.8325,17.0,16.0,0.2305,3.0,461.0,0.102,0.037,0.002,4,237.183174,54.378,909.6358999999998,84878.951,8.0,0.39799349240780924,250,4000,3,"G(200,0.3)",2,0.4774735259998124
2000,5.51,6.0,5.0,0.2505,10.0,501.0,0.09,0.0745,0.005,11,887.4961505,8.1545,1176.0077499999998,147792.868,12.0,0.32476713240186306,250,4000,10,"G(120,0.1)",0,1.7776484979999623
2000,5.7975,7.0,6.0,0.2615,10.0,523.0,0.0875,0.056,0.0055,11,704.5201745,24.3375,1374.6703,107949.865,15.0,0.30600701083492665,250,4000,10,"G(120,0.1)",1,1.4118051679997734
2000,5.253,6.0,6.0,0.15,9.0,300.0,0.0675,0.0625,0.0045,8,417.4295595,6.150499999999999,982.3474999999987,80052.602,8.0,0.41633333333333344,250,4000,10,"G(120,0.1)",2,0.8373615539999264
2000,5.4175,6.0,6.0,0.1725,10.0,345.0,0.068,0.0555,0.0035,6,859.8810295,9.2225,1070.6571,178030.408,9.0,0.5530782608695652,250,4000,10,"G(250,0.05)",0,1.722204464999777
2000,5.595,6.0,6.0,0.2125,10.0,425.0,0.0845,0.069,0.003,6,961.4729169999999,10.065000000000001,1250.5841499999997,235459.653,7.0,0.4577411764705883,250,4000,10,"G(250,0.05)",1,1.9254698320000898
2000,5.8105,6.0,6.0,0.2405,10.0,481.0,0.0865,0.066,0.0035,6,669.6830124999999,47.43,1399.2252,166874.246,7.0,0.4115675675675676,250,4000,10,"G(250,0.05)",2,1.3430217099999027
2000,14.803,16.0,15.0,0.2245,10.0,449.0,0.068,0.035,0.0035,7,472.1390635,87.016,1657.722949999999,97476.291,6.0,0.40141425389755025,250,4000,10,"G(200,0.3)",0,0.947591015999933
2000,15.1015,17.0,16.0,0.195,10.0,390.0,0.058,0.0335,0.004,8,716.2814265000001,64.07249999999999,2298.5198499999997,168369.16,9.0,0.44807692307692326,250,4000,10,"G(200,0.3)",1,1.4360891599999377
2000,15.252,17.0,15.0,0.244,10.0,488.0,0.075,0.0445,0.004,9,847.358811,138.5625,2578.732449999999,116871.15,10.0,0.426454918032787,250,4000,10,"G(200,0.3)",2,1.6989189519999854
2000,5.7045,6.0,6.0,0.2205,3.0,441.0,0.115,0.053,0.0055,11,366.7067794999999,11.918,293.5012,71714.176,12.0,0.34718442932728655,1000,1000,3,"G(120,0.1)",0,0.7369813860000249
2000,6.0245,7.0,7.0,0.3615,3.0,723.0,0.1765,0.076,0.0025,4,155.2395305,26.737499999999997,327.2703499999994,36347.823,13.0,0.2501498386353158,1000,1000,3,"G(120,0.1)",1,0.3130339089998415
2000,5.617,6.0,5.0,0.1655,3.0,331.0,0.0905,0.0505,0.0055,11,229.43237249999999,7.431,179.1883,34479.721,9.0,0.44539274924471295,1000,1000,3,"G(120,0.1)",2,0.4613884569998845
2000,5.927,7.0,6.0,0.28,3.0,560.0,0.142,0.071,0.003,5,191.3178825,35.173,330.41819999999996,45957.705,8.0,0.44561428571428574,1000,1000,3,"G(250,0.05)",0,0.3852570710000691
2000,5.946,7.0,6.0,0.302,3.0,604.0,0.1495,0.0705,0.004,8,243.046644,31.073,291.9154999999999,48057.593,9.0,0.417430463576159,1000,1000,3,"G(250,0.05)",1,0.48868119700000534
2000,5.8955,7.0,6.0,0.3145,3.0,629.0,0.155,0.068,0.0035,6,245.96146299999998,21.706,291.62944999999985,53247.656,10.0,0.3931891891891892,1000,1000,3,"G(250,0.05)",2,0.4949192139997649
2000,15.038,16.0,15.0,0.354,3.0,708.0,0.154,0.037,0.0065,13,401.76060050000007,49.784000000000006,1184.103349999999,55642.816,11.0,0.356539548022599,1000,1000,3,"G(200,0.3)",0,0.806661990000066
2000,15.1935,16.0,14.0,0.3225,3.0,645.0,0.142,0.0315,0.0045,11,356.1905305000001,63.8805,1022.7046499999999,51791.304,10.0,0.36661240310077536,1000,1000,3,"G(200,0.3)",1,0.7152987289996418
2000,15.2915,16.0,15.0,0.238,3.0,476.0,0.1095,0.035,0.0025,6,288.84922099999994,45.314,933.9657499999994,43449.512,7.0,0.3354201680672271,1000,1000,3,"G(200,0.3)",2,0.5814021689998299
2000,5.0315,6.0,5.0,0.16,9.0,320.0,0.059,0.057,0.0015,4,203.733921,9.572,51.544449999999976,44991.614,7.0,0.37765625,1000,1000,10,"G(120,0.1)",0,0.41061840100019253
2000,5.763,7.0,6.0,0.4295,10.0,859.0,0.116,0.0815,0.008,16,950.8121935,25.1715,5369.1185000000005,52821.689,19.0,0.24651726814124952,1000,1000,10,"G(120,0.1)",1,1.905646587999854
2000,5.015,6.0,5.0,0.1005,7.0,201.0,0.043,0.0425,0.0005,1,80.91816749999998,5.7255,16.407799999999988,21261.652,6.0,0.504436152570481,1000,1000,10,"G(120,0.1)",2,0.16404322600010346
2000,5.429,6.0,6.0,0.2775,10.0,555.0,0.0925,0.0795,0.005,9,535.6203155000001,9.497499999999999,4425.7051,63437.227,8.0,0.4260684684684686,1000,1000,10,"G(250,0.05)",0,1.073809347000406
2000,5.4335,6.0,5.0,0.3195,10.0,639.0,0.0935,0.0765,0.005,11,860.853142,10.133,4875.009499999999,70115.17,10.0,0.36599061032863855,1000,1000,10,"G(250,0.05)",1,1.7256968759998017
2000,5.445,6.0,5.0,0.2755,10.0,551.0,0.091,0.0755,0.0035,7,560.2898815,9.5995,2687.2571999999977,45295.872,8.0,0.4445081669691471,1000,1000,10,"G(250,0.05)",2,1.1232600030002686
2000,14.8675,16.0,15.0,0.252,10.0,504.0,0.0745,0.0455,0.0055,11,1071.7857325,70.523,5654.702899999999,44137.646,7.0,0.37382936507936515,1000,1000,10,"G(200,0.3)",0,2.147180717000083
2000,15.324,16.0,15.0,0.1915,10.0,383.0,0.049,0.0305,0.0015,4,995.581056,71.3375,5458.30715,41567.151,8.0,0.44729765013054834,1000,1000,10,"G(200,0.3)",1,1.9952981859996726
2000,14.818,16.0,15.0,0.299,10.0,598.0,0.075,0.0405,0.0045,10,1268.224939,99.1725,5676.1452,93073.945,12.0,0.4109364548494985,1000,1000,10,"G(200,0.3)",2,2.5407047669996246
2000,5.803,7.0,5.0,0.312,3.0,624.0,0.156,0.07,0.008,17,919.9883414999999,12.974499999999999,333.66604999999987,133367.181,12.0,0.27604166666666674,1000,4000,3,"G(120,0.1)",0,1.8429739409998547
2000,5.917,7.0,6.0,0.2975,3.0,595.0,0.1485,0.0655,0.003,6,513.2503615,21.177,343.18389999999994,159307.402,11.0,0.2757843137254903,1000,4000,3,"G(120,0.1)",1,1.0291039460003049
2000,5.3785,6.0,5.0,0.127,3.0,254.0,0.075,0.046,0.007,14,819.5506229999999,6.7285,150.86995,158944.502,7.0,0.41364829396325464,1000,4000,3,"G(120,0.1)",2,1.6414213009998093
2000,5.781,7.0,6.0,0.264,3.0,528.0,0.1355,0.062,0.0055,10,1049.7026105,10.7615,274.44519999999994,209296.744,8.0,0.4644242424242424,1000,4000,3,"G(250,0.05)",0,2.1018380240002443
2000,5.8405,7.0,6.0,0.2965,3.0,593.0,0.1505,0.073,0.0035,7,986.8264684999999,24.304,281.24454999999983,243115.752,9.0,0.41488701517706583,1000,4000,3,"G(250,0.05)",1,1.9764031869999599
2000,5.9515,7.0,6.0,0.287,3.0,574.0,0.149,0.0715,0.0025,4,326.9283919999999,44.7235,341.80659999999995,159013.98,8.0,0.4131846689895471,1000,4000,3,"G(250,0.05)",2,0.6569139949997407
2000,15.2275,16.0,14.0,0.536,3.0,1072.0,0.231,0.0405,0.0055,12,431.83203749999996,111.122,1164.9584,105702.663,12.0,0.2580876865671642,1000,4000,3,"G(200,0.3)",0,0.8666871349996654
2000,15.29,16.0,16.0,0.4485,3.0,897.0,0.196,0.0405,0.0055,11,400.588233,89.52799999999999,1109.6463999999996,143366.914,14.0,0.36864548494983285,1000,4000,3,"G(200,0.3)",1,0.8047468820000176
2000,15.3475,16.0,16.0,0.2465,3.0,493.0,0.1155,0.0335,0.003,6,406.7269915,36.932500000000005,788.2885499999999,232619.39,7.0,0.3673123732251522,1000,4000,3,"G(200,0.3)",2,0.8161477590001596
2000,5.2375,6.0,5.0,0.1985,10.0,397.0,0.0695,0.065,0.0035,8,634.839787,6.982,445.0764999999995,114610.754,10.0,0.35984466834592777,1000,4000,10,"G(120,0.1)",0,1.2723463429997537
2000,5.744,6.0,5.0,0.312,10.0,624.0,0.095,0.0675,0.0035,8,1267.785714,14.717,5013.0923,136315.298,12.0,0.29393696581196593,1000,4000,10,"G(120,0.1)",1,2.538729152000087
2000,5.015,6.0,5.0,0.1005,7.0,201.0,0.043,0.0425,0.0005,1,240.11607,5.663,24.712749999999883,92931.949,6.0,0.504436152570481,1000,4000,10,"G(120,0.1)",2,0.48241602500002045
2000,5.203,6.0,6.0,0.198,10.0,396.0,0.0685,0.0595,0.0025,4,967.196706,8.537500000000001,577.2872999999988,201854.213,7.0,0.47084848484848485,1000,4000,10,"G(250,0.05)",0,1.936872276000031
2000,5.7005,6.0,6.0,0.3195,10.0,639.0,0.0935,0.072,0.002,4,1322.113217,19.48,4939.2887,220219.771,8.0,0.3690704225352113,1000,4000,10,"G(250,0.05)",1,2.648893428000065
2000,5.2255,6.0,5.0,0.268,10.0,536.0,0.0815,0.0665,0.0025,5,1037.188453,8.572,439.66859999999923,169757.15,10.0,0.40617910447761196,1000,4000,10,"G(250,0.05)",2,2.0769942030001403
2000,14.688,16.0,15.0,0.38,10.0,760.0,0.092,0.0425,0.0075,15,1274.641386,133.10750000000002,5483.1721,152647.645,10.0,0.32501315789473706,1000,4000,10,"G(200,0.3)",0,2.552710088999902
2000,15.331,16.0,16.0,0.1765,10.0,353.0,0.0465,0.0295,0.002,4,948.576648,68.988,5340.6471999999985,127795.086,6.0,0.4512606232294618,1000,4000,10,"G(200,0.3)",1,1.9005027820003306
2000,15.1415,16.0,15.0,0.25,10.0,500.0,0.068,0.037,0.004,9,1275.9397895,105.828,5465.1771,147467.793,9.0,0.4051800000000001,1000,4000,10,"G(200,0.3)",2,2.5556535699997767
2000,5.7045,6.0,6.0,0.2205,3.0,441.0,0.115,0.053,0.0055,11,286.39785400000005,12.633500000000002,278.08799999999985,44307.486,12.0,0.34718442932728655,4000,1000,3,"G(120,0.1)",0,0.575557753999874
2000,6.0245,7.0,7.0,0.3615,3.0,723.0,0.1765,0.076,0.0025,4,139.70318999999998,27.0195,328.8751499999998,30531.894,13.0,0.2501498386353158,4000,1000,3,"G(120,0.1)",1,0.28203094799982864
2000,5.617,6.0,5.0,0.1655,3.0,331.0,0.0905,0.0505,0.0055,11,231.84654249999997,8.5405,195.79229999999995,33669.318,9.0,0.44539274924471295,4000,1000,3,"G(120,0.1)",2,0.4662851349999073
2000,5.927,7.0,6.0,0.28,3.0,560.0,0.142,0.071,0.003,5,184.723277,34.17,310.62779999999987,44004.857,8.0,0.44561428571428574,4000,1000,3,"G(250,0.05)",0,0.3720653489999677
2000,5.946,7.0,6.0,0.302,3.0,604.0,0.1495,0.0705,0.004,8,240.87334099999998,30.58,318.6479999999999,49243.243,9.0,0.417430463576159,4000,1000,3,"G(250,0.05)",1,0.4842265239999506
2000,5.8955,7.0,6.0,0.3145,3.0,629.0,0.155,0.068,0.0035,6,224.25240899999997,21.215,271.78839999999997,46083.297,10.0,0.3931891891891892,4000,1000,3,"G(250,0.05)",2,0.4509749510002621
2000,15.038,16.0,15.0,0.354,3.0,708.0,0.154,0.037,0.0065,13,316.8469185,40.21,988.3072999999999,34688.245,11.0,0.356539548022599,4000,1000,3,"G(200,0.3)",0,0.6364412720004111
2000,15.1935,16.0,14.0,0.3225,3.0,645.0,0.142,0.0315,0.0045,11,317.847132,54.9545,989.1134999999995,44717.951,10.0,0.36661240310077536,4000,1000,3,"G(200,0.3)",1,0.6384966860000532
2000,15.2915,16.0,15.0,0.238,3.0,476.0,0.1095,0.035,0.0025,6,260.8495565,42.6165,778.48655,47743.06,7.0,0.3354201680672271,4000,1000,3,"G(200,0.3)",2,0.5243694430000687
2000,5.0115,6.0,5.0,0.2005,10.0,401.0,0.063,0.062,0.0005,2,193.16380250000003,5.816,37.61249999999998,37417.699,10.0,0.3488570241064006,4000,1000,10,"G(120,0.1)",0,0.388655860000199
2000,5.395,6.0,5.0,0.2645,10.0,529.0,0.0755,0.059,0.0025,6,961.415589,6.6965,5787.758399999994,51618.065,10.0,0.2730781348456206,4000,1000,10,"G(120,0.1)",1,1.926544493000165
2000,5.0,5.0,5.0,0.1,9.0,200.0,0.0415,0.0415,0.0,0,78.292558,5.666,14.40789999999999,23091.813,6.0,0.4946666666666666,4000,1000,10,"G(120,0.1)",2,0.15867770400018344
2000,5.0915,6.0,5.0,0.205,10.0,410.0,0.063,0.058,0.0015,3,397.59132900000003,9.014,112.63119999999996,53004.297,6.0,0.4598439024390244,4000,1000,10,"G(250,0.05)",0,0.7977532340000835
2000,5.4575,6.0,6.0,0.323,10.0,646.0,0.099,0.084,0.003,6,1259.9494945000001,9.327,8504.658149999994,61112.985,9.0,0.3873312693498452,4000,1000,10,"G(250,0.05)",1,2.5228993589998936
2000,5.387,6.0,5.0,0.261,10.0,522.0,0.0765,0.0685,0.001,2,457.52673749999997,8.6485,512.2624999999996,74258.395,7.0,0.40522605363984665,4000,1000,10,"G(250,0.05)",2,0.9177976460000536
2000,14.2545,15.0,14.0,0.207,10.0,414.0,0.059,0.0405,0.0045,10,1596.2632250000001,7.851,18109.328,51530.566,8.0,0.4027777777777779,4000,1000,10,"G(200,0.3)",0,3.1955202029998873
2000,14.49,16.0,15.0,0.249,10.0,498.0,0.0605,0.038,0.003,7,2265.2964575,8.101,19736.25785,52192.467,8.0,0.38180722891566266,4000,1000,10,"G(200,0.3)",1,4.533726109999861
2000,14.4475,16.0,14.0,0.2175,10.0,435.0,0.06,0.043,0.005,12,1800.6914199999999,9.07,18358.65215,53433.142,6.0,0.4127471264367817,4000,1000,10,"G(200,0.3)",2,3.604605875999823
2000,5.803,7.0,5.0,0.312,3.0,624.0,0.156,0.07,0.008,17,785.7474879999999,10.5195,295.6443499999999,108793.776,12.0,0.27604166666666674,4000,4000,3,"G(120,0.1)",0,1.5743799069996385
2000,5.917,7.0,6.0,0.2975,3.0,595.0,0.1485,0.0655,0.003,6,419.6987510000001,19.3565,272.57124999999996,122249.247,11.0,0.2757843137254903,4000,4000,3,"G(120,0.1)",1,0.8424353349996636
2000,5.3785,6.0,5.0,0.127,3.0,254.0,0.075,0.046,0.007,14,800.4499725000001,6.5825,165.4376,130471.035,7.0,0.41364829396325464,4000,4000,3,"G(120,0.1)",2,1.6035198730000957
2000,5.781,7.0,6.0,0.264,3.0,528.0,0.1355,0.062,0.0055,10,1023.8571049999999,10.8125,276.70929999999987,180089.335,8.0,0.4644242424242424,4000,4000,3,"G(250,0.05)",0,2.0502126299998054
2000,5.8405,7.0,6.0,0.2965,3.0,593.0,0.1505,0.073,0.0035,7,947.3331610000001,26.698500000000003,263.2790499999997,216990.881,9.0,0.41488701517706583,4000,4000,3,"G(250,0.05)",1,1.8973477929998808
2000,5.9515,7.0,6.0,0.287,3.0,574.0,0.149,0.0715,0.0025,4,291.350495,31.7325,238.04719999999995,153124.241,8.0,0.4131846689895471,4000,4000,3,"G(250,0.05)",2,0.5853011119997973
2000,15.2275,16.0,14.0,0.536,3.0,1072.0,0.231,0.0405,0.0055,12,427.60713699999997,105.5455,1111.330999999999,122756.536,12.0,0.2580876865671642,4000,4000,3,"G(200,0.3)",0,0.8582732439999745
2000,15.29,16.0,16.0,0.4485,3.0,897.0,0.196,0.0405,0.0055,11,344.5454065,70.75200000000001,972.2417499999999,122056.393,14.0,0.36864548494983285,4000,4000,3,"G(200,0.3)",1,0.6920028709996586
2000,15.3475,16.0,16.0,0.2465,3.0,493.0,0.1155,0.0335,0.003,6,342.12750000000005,36.67,808.0191,119915.195,7.0,0.3673123732251522,4000,4000,3,"G(200,0.3)",2,0.6870336900001348
2000,5.0115,6.0,5.0,0.2005,10.0,401.0,0.063,0.062,0.0005,2,386.3436645,5.762,32.49164999999997,104366.095,10.0,0.3488570241064006,4000,4000,10,"G(120,0.1)",0,0.7749733949999609
2000,5.3545,6.0,6.0,0.319,10.0,638.0,0.086,0.066,0.0045,9,2127.226103,6.423,16466.987699999994,160727.729,12.0,0.24161442006269596,4000,4000,10,"G(120,0.1)",1,4.257718167999883
2000,5.0,5.0,5.0,0.1,9.0,200.0,0.0415,0.0415,0.0,0,218.4061745,5.705,15.018049999999995,79600.062,6.0,0.4946666666666666,4000,4000,10,"G(120,0.1)",2,0.4397898610000084
2000,5.163,6.0,5.0,0.246,10.0,492.0,0.0765,0.071,0.002,4,1057.9853165,8.784,445.7308999999998,169631.107,8.0,0.42396747967479675,4000,4000,10,"G(250,0.05)",0,2.1185034469999664
2000,5.478,6.0,5.0,0.3895,10.0,779.0,0.1095,0.0865,0.0035,8,2423.9077465,9.1985,9865.688499999998,233314.628,10.0,0.36726572528883183,4000,4000,10,"G(250,0.05)",1,4.850977881999825
2000,5.253,6.0,5.0,0.321,10.0,642.0,0.087,0.072,0.0015,3,1409.7996115,8.8035,688.7681499999983,175082.732,8.0,0.36528348909657327,4000,4000,10,"G(250,0.05)",2,2.822904806000224
2000,14.3,15.0,14.0,0.3445,10.0,689.0,0.0795,0.0475,0.003,7,3714.5923759999996,145.651,20983.69085,112422.413,11.0,0.4116763425253993,4000,4000,10,"G(200,0.3)",0,7.433252219999758
2000,14.8885,16.0,15.0,0.3345,10.0,669.0,0.0745,0.04,0.003,7,3491.1732455,125.6705,20031.24035,143186.038,9.0,0.34163677130044845,4000,4000,10,"G(200,0.3)",1,6.9868975710001
2000,14.6945,16.0,15.0,0.3745,10.0,749.0,0.078,0.046,0.004,9,3750.6917479999997,176.05599999999998,20512.212349999998,148248.011,11.0,0.3287917222963952,4000,4000,10,"G(200,0.3)",2,7.505300302999785
